transaction_id,customer_id,amount,transaction_type,is_fraud,timestamp
1,479,249.64,payment,False,2024-12-25
2,358,1916.72,payment,False,2023-07-06
3,75,2415.72,payment,False,2025-05-12
4,355,2425.22,payment,False,2023-01-27
5,72,2162.81,payment,False,2025-06-18
6,259,1502.38,withdrawal,False,2025-09-30
7,398,1752.46,payment,True,2024-11-14
8,188,713.73,payment,False,2024-07-15
9,461,1577.3,payment,False,2025-07-11
10,173,1139.67,payment,False,2022-11-05
11,480,1205.56,withdrawal,False,2025-09-30
12,290,1894.68,payment,False,2025-09-30
13,45,705.51,deposit,False,2024-11-30
14,61,795.78,payment,False,2023-10-13
15,83,2311.68,payment,False,2025-09-30
16,123,141.5,deposit,False,2025-09-30
17,358,1214.6,withdrawal,False,2023-05-23
18,16,2282.09,payment,False,2025-02-01
19,66,1526.3,deposit,False,2023-09-27
20,424,1366.47,payment,False,2025-06-29
21,145,625.11,deposit,False,2024-05-12
22,375,858.85,withdrawal,False,2022-11-05
23,162,2130.27,withdrawal,False,2025-07-14
24,234,1398.49,transfer,False,2024-10-15
25,380,1287.34,payment,False,2025-09-30
26,144,249.85,withdrawal,False,2023-12-19
27,358,41.05,payment,False,2023-06-24
28,188,2409.25,payment,False,2024-12-01
29,322,943.09,payment,False,2025-09-30
30,450,1508.43,payment,False,2025-09-30
31,474,200.21,withdrawal,False,2025-09-30
32,13,1708.1,payment,False,2025-07-24
33,184,2331.48,payment,False,2025-09-30
34,111,1439.59,payment,False,2025-09-30
35,415,316.16,payment,False,2023-09-14
36,290,1454.72,transfer,False,2025-09-30
37,295,1916.1,payment,False,2024-08-01
38,451,1016.63,withdrawal,False,2023-05-18
39,392,2199.71,deposit,False,2024-03-26
40,215,1622.06,deposit,False,2024-09-13
41,462,2248.22,payment,False,2023-01-28
42,120,1559.14,deposit,False,2025-03-18
43,382,329.09,payment,False,2025-06-13
44,55,774.92,deposit,False,2025-09-30
45,27,505.29,payment,False,2023-12-22
46,118,2272.16,payment,False,2023-08-04
47,221,1901.24,payment,False,2025-09-30
48,231,1691.32,deposit,False,2025-08-21
49,53,753.11,payment,False,2025-05-10
50,295,460.93,payment,False,2023-12-20
51,321,1891.37,payment,False,2025-09-30
52,401,1185.92,transfer,False,2022-09-18
53,233,565.25,deposit,False,2025-01-16
54,158,1541.94,payment,False,2024-08-29
55,437,101.79,withdrawal,False,2025-09-30
56,269,816.1,payment,False,2023-11-28
57,21,1171.92,payment,False,2025-05-04
58,403,370.75,transfer,False,2025-09-30
59,53,2461.65,payment,False,2025-09-30
60,275,523.53,payment,False,2025-09-30
61,313,326.75,payment,False,2025-09-30
62,281,509.63,payment,False,2025-09-30
63,214,1922.88,payment,False,2024-12-01
64,31,1064.34,payment,False,2023-07-20
65,337,1413.97,payment,False,2023-02-02
66,183,53.5,payment,False,2025-09-30
67,23,87.04,payment,False,2023-10-26
68,32,1115.12,payment,False,2023-11-02
69,446,2041.82,payment,False,2025-08-03
70,74,2213.21,deposit,False,2024-01-04
71,10,217.68,payment,False,2025-07-11
72,484,1346.37,withdrawal,False,2025-03-08
73,456,2283.16,withdrawal,False,2025-01-19
74,54,970.54,withdrawal,False,2025-07-31
75,52,2074.09,payment,False,2023-03-05
76,148,335.11,payment,False,2024-04-05
77,160,2338.55,payment,False,2025-09-30
78,370,1878.81,withdrawal,True,2023-07-29
79,14,2353.39,payment,False,2025-09-30
80,178,1691.87,deposit,False,2024-09-07
81,412,909.15,deposit,False,2024-07-04
82,366,2345.51,payment,False,2025-09-30
83,500,689.64,payment,False,2024-09-15
84,53,831.1,withdrawal,False,2025-09-30
85,408,1752.32,payment,False,2023-12-14
86,335,1913.53,payment,False,2022-06-07
87,22,2323.58,deposit,False,2025-01-10
88,30,512.8,payment,False,2024-10-22
89,191,1995.2,transfer,False,2024-09-07
90,260,1846.63,withdrawal,False,2023-04-01
91,205,160.42,deposit,False,2024-04-26
92,59,968.67,payment,False,2025-01-31
93,471,707.63,payment,False,2025-09-30
94,264,761.92,payment,False,2024-08-03
95,466,2457.38,payment,False,2023-04-18
96,12,1607.3,payment,False,2023-05-08
97,119,1794.47,payment,False,2025-09-05
98,415,2441.57,payment,False,2023-11-21
99,462,943.63,payment,False,2023-08-17
100,290,2004.8,deposit,False,2025-04-21
101,338,1086.89,payment,False,2023-08-12
102,248,2173.96,payment,False,2025-09-30
103,354,452.46,withdrawal,False,2025-07-03
104,127,2369.27,transfer,False,2025-09-30
105,75,547.71,payment,False,2025-09-30
106,361,816.23,payment,False,2024-09-02
107,204,1890.72,payment,False,2025-09-30
108,49,984.99,transfer,False,2024-04-04
109,79,1520.92,deposit,False,2025-01-14
110,441,1111.99,withdrawal,False,2023-06-17
111,479,1856.18,payment,False,2024-08-25
112,241,571.6,payment,False,2023-07-01
113,349,147.09,payment,False,2024-06-19
114,154,750.52,withdrawal,False,2024-01-30
115,274,1186.3,withdrawal,False,2023-01-17
116,96,420.88,transfer,False,2023-01-30
117,214,887.64,payment,False,2023-09-08
118,294,1000.56,payment,True,2023-09-17
119,209,144.42,payment,False,2023-07-06
120,343,1458.68,withdrawal,False,2023-02-26
121,88,2210.97,deposit,False,2025-09-30
122,306,380.21,payment,False,2025-01-10
123,264,1494.92,payment,False,2023-10-15
124,425,1662.18,payment,False,2025-09-30
125,390,1048.92,payment,False,2025-09-30
126,325,1753.04,deposit,False,2025-09-30
127,428,1027.42,payment,False,2024-05-03
128,377,1262.09,deposit,False,2024-05-19
129,320,19.38,payment,False,2025-03-23
130,157,1729.61,deposit,False,2023-09-13
131,156,1653.7,payment,False,2022-07-18
132,139,96.96,deposit,False,2023-04-10
133,121,921.26,payment,True,2024-08-13
134,65,2447.6,payment,False,2025-06-26
135,107,1052.42,payment,False,2022-08-03
136,147,1255.36,payment,False,2024-06-20
137,137,2274.92,payment,False,2024-08-27
138,411,1793.44,payment,False,2025-09-30
139,162,1455.59,transfer,False,2025-09-30
140,428,1994.71,payment,False,2023-06-11
141,452,2161.05,deposit,False,2025-04-27
142,100,1142.76,transfer,False,2024-01-24
143,338,1188.3,payment,False,2023-09-17
144,399,965.74,withdrawal,False,2025-02-21
145,307,2416.8,payment,False,2025-09-17
146,141,1743.22,payment,False,2025-06-11
147,83,208.97,payment,False,2025-09-30
148,177,2157.54,transfer,False,2025-09-30
149,198,1201.92,payment,False,2025-09-30
150,112,172.82,payment,False,2025-04-28
151,56,1374.74,payment,False,2023-08-04
152,460,1043.49,deposit,False,2025-09-28
153,179,2194.5,payment,False,2024-06-27
154,421,510.78,withdrawal,False,2024-04-08
155,401,2066.34,withdrawal,False,2022-09-13
156,186,1394.66,withdrawal,False,2025-09-30
157,471,137.47,transfer,False,2025-09-30
158,218,2429.64,deposit,False,2025-09-30
159,413,1282.03,payment,False,2025-07-17
160,417,727.9,payment,False,2025-09-30
161,316,1174.05,payment,False,2025-06-14
162,475,2144.79,payment,False,2024-01-31
163,217,762.95,payment,False,2025-08-20
164,120,482.5,payment,True,2024-11-02
165,439,323.55,payment,False,2024-01-15
166,394,745.35,transfer,False,2025-09-20
167,175,1950.34,payment,False,2025-09-30
168,23,1179.59,transfer,False,2023-01-15
169,213,569.48,payment,False,2025-09-30
170,405,416.3,withdrawal,False,2025-09-30
171,235,832.49,deposit,False,2025-09-30
172,13,2349.87,payment,False,2025-05-06
173,101,858.22,payment,False,2025-09-30
174,417,2470.32,payment,False,2025-09-30
175,24,1213.59,payment,False,2025-09-30
176,364,448.73,transfer,False,2025-05-12
177,11,2227.96,deposit,False,2025-07-06
178,273,1151.43,payment,False,2024-05-09
179,452,1774.47,payment,False,2024-09-10
180,431,2459.3,payment,False,2025-02-18
181,281,126.39,payment,False,2025-02-15
182,94,242.64,withdrawal,False,2024-01-11
183,201,1801.42,payment,False,2025-09-30
184,21,705.28,payment,False,2025-09-30
185,340,461.57,payment,False,2023-03-01
186,467,99.37,payment,False,2024-06-18
187,211,55.59,withdrawal,False,2025-09-30
188,140,1936.44,payment,False,2023-03-16
189,293,336.95,transfer,False,2025-01-13
190,298,1169.83,deposit,False,2025-04-22
191,401,1515.14,payment,False,2022-06-09
192,101,1071.45,payment,False,2025-09-30
193,304,68.74,deposit,False,2022-09-27
194,359,1958.97,transfer,False,2025-09-30
195,28,27.27,deposit,False,2023-06-23
196,41,1904.96,payment,False,2025-09-30
197,355,2233.37,transfer,False,2023-05-16
198,303,1082.67,payment,False,2025-09-30
199,496,1339.32,withdrawal,False,2025-09-30
200,146,1192.98,transfer,False,2023-11-28
201,256,973.63,payment,False,2025-09-30
202,462,2218.67,transfer,False,2023-04-24
203,227,2234.94,payment,False,2025-09-30
204,236,840.21,transfer,False,2025-09-30
205,361,1538.06,payment,False,2023-11-08
206,380,2317.34,transfer,False,2025-07-08
207,455,2405.18,payment,True,2024-04-19
208,489,1272.89,withdrawal,False,2022-08-26
209,13,1132.61,payment,False,2025-09-30
210,210,697.46,payment,False,2023-11-23
211,229,2397.22,payment,False,2022-07-30
212,397,357.89,withdrawal,False,2023-09-10
213,100,1449.99,payment,False,2023-09-24
214,31,707.09,payment,False,2023-01-26
215,386,698.24,payment,False,2024-10-17
216,16,1013.02,transfer,False,2025-09-30
217,137,2496.98,payment,False,2023-03-09
218,329,138.36,payment,False,2023-07-17
219,166,1446.78,payment,False,2023-12-13
220,459,207.35,payment,False,2022-04-27
221,310,387.15,payment,False,2025-09-30
222,440,1099.47,payment,False,2025-09-30
223,470,1276.64,deposit,False,2025-09-30
224,481,647.72,withdrawal,False,2025-09-30
225,100,791.83,payment,False,2023-01-09
226,109,218.33,payment,False,2024-05-29
227,343,758.75,withdrawal,False,2024-03-25
228,173,2416.43,payment,False,2023-08-06
229,237,2361.82,deposit,False,2024-08-21
230,162,837.86,payment,False,2025-09-19
231,393,1427.56,payment,False,2023-11-15
232,216,2274.08,payment,False,2025-09-30
233,264,16.45,deposit,False,2023-01-08
234,263,2026.9,payment,False,2023-09-13
235,292,2370.98,payment,False,2025-09-30
236,274,229.22,payment,False,2023-06-17
237,3,404.46,withdrawal,True,2025-09-30
238,28,2401.91,transfer,False,2023-03-03
239,326,1344.31,payment,False,2025-09-30
240,492,36.48,payment,False,2024-10-12
241,428,644.82,transfer,False,2024-10-27
242,149,1125.41,payment,False,2024-12-15
243,28,1732.58,payment,False,2023-03-02
244,488,1833.17,payment,True,2025-09-30
245,310,2488.56,withdrawal,False,2025-09-30
246,438,719.49,payment,False,2023-06-26
247,65,1346.01,deposit,False,2024-09-02
248,356,1333.78,payment,False,2025-09-30
249,21,1014.71,payment,False,2025-09-26
250,252,423.74,deposit,False,2025-09-30
251,235,2443.66,payment,False,2025-09-30
252,227,2133.44,payment,False,2025-09-30
253,13,1246.33,withdrawal,False,2025-06-13
254,313,1508.51,deposit,False,2025-05-08
255,49,568.93,deposit,False,2024-12-09
256,118,1359.92,transfer,False,2024-07-17
257,54,1737.73,deposit,False,2024-07-04
258,138,1288.4,payment,False,2023-03-24
259,53,2475.72,payment,True,2025-09-30
260,44,1528.74,deposit,False,2025-09-30
261,303,928.06,payment,False,2025-09-30
262,53,1930.61,withdrawal,True,2025-05-08
263,74,426.99,withdrawal,False,2023-11-13
264,46,961.91,payment,False,2025-09-30
265,13,868.05,transfer,False,2025-09-30
266,165,1080.09,payment,False,2024-01-20
267,102,1954.67,payment,False,2024-06-28
268,280,1210.95,transfer,False,2024-04-05
269,258,1985.24,payment,False,2025-07-01
270,470,1441.65,payment,False,2025-09-30
271,337,855.83,payment,False,2023-05-31
272,356,2025.14,deposit,False,2025-09-30
273,398,596.49,deposit,False,2025-02-24
274,138,561.73,deposit,False,2024-07-27
275,163,1261.75,withdrawal,False,2025-09-30
276,409,652.86,payment,True,2025-09-30
277,387,23.71,deposit,False,2023-09-15
278,111,1621.1,deposit,False,2025-09-30
279,102,1278.22,payment,False,2025-01-11
280,17,1114.35,payment,False,2023-10-17
281,268,2417.45,transfer,False,2024-08-09
282,182,1428.43,deposit,False,2023-11-03
283,372,2158.72,deposit,False,2024-05-20
284,24,349.49,deposit,False,2025-09-30
285,29,1423.45,payment,False,2025-04-30
286,171,2170.08,withdrawal,False,2024-06-04
287,409,1458.18,payment,False,2025-01-27
288,228,1795.32,payment,False,2025-09-23
289,378,930.74,withdrawal,False,2025-09-30
290,188,232.03,payment,False,2024-10-27
291,346,1145.29,withdrawal,False,2025-03-18
292,230,986.8,payment,False,2025-09-30
293,321,2167.78,payment,False,2025-09-30
294,340,610.74,payment,False,2024-01-22
295,119,2416.87,payment,False,2025-02-27
296,156,2395.39,payment,False,2023-06-07
297,272,619.83,payment,False,2025-09-30
298,175,870.78,transfer,False,2025-01-28
299,465,2238.99,payment,False,2025-09-30
300,104,2416.59,payment,False,2023-02-25
301,92,1109.15,payment,False,2025-01-16
302,186,803.17,withdrawal,False,2025-09-30
303,460,1315.71,payment,False,2024-03-01
304,283,1719.74,deposit,False,2023-09-22
305,181,684.41,deposit,False,2025-09-24
306,170,1841.45,payment,False,2024-07-24
307,187,130.09,payment,False,2024-07-22
308,175,124.19,transfer,False,2024-10-23
309,222,966.33,deposit,False,2023-12-03
310,233,884.33,withdrawal,False,2024-09-18
311,162,789.77,payment,False,2024-09-26
312,421,1228.06,payment,False,2025-06-12
313,134,802.51,payment,False,2025-09-30
314,391,481.45,payment,False,2024-03-31
315,480,774.36,payment,False,2025-06-25
316,224,2437.29,withdrawal,False,2025-09-30
317,153,1028.37,payment,False,2024-03-05
318,33,1112.34,deposit,False,2022-10-29
319,55,1441.79,deposit,False,2025-09-30
320,442,2458.37,payment,False,2025-09-30
321,7,604.76,deposit,False,2025-07-20
322,244,1703.52,payment,False,2025-09-11
323,313,1790.25,deposit,False,2025-04-10
324,126,1518.7,payment,False,2025-09-30
325,12,222.36,payment,False,2023-09-18
326,16,1692.5,withdrawal,False,2024-08-31
327,208,161.17,payment,False,2025-09-30
328,43,1490.76,transfer,False,2023-01-08
329,373,1849.21,payment,False,2025-09-30
330,484,528.21,payment,False,2025-09-30
331,461,2104.21,payment,False,2025-09-30
332,135,76.85,payment,False,2025-05-07
333,228,2109.69,payment,False,2025-08-22
334,111,1151.36,withdrawal,False,2025-09-30
335,307,544.75,deposit,False,2025-03-23
336,457,335.31,deposit,False,2025-02-12
337,160,2383.31,transfer,False,2025-07-19
338,331,182.59,payment,False,2023-03-03
339,264,498.53,withdrawal,False,2022-12-15
340,225,870.21,payment,False,2025-09-30
341,471,1550.97,withdrawal,False,2025-09-30
342,217,1362.46,payment,False,2025-09-30
343,456,314.98,transfer,False,2024-08-11
344,45,725.03,withdrawal,False,2024-10-18
345,214,597.64,transfer,False,2024-07-29
346,59,534.64,deposit,False,2025-03-06
347,132,1028.45,transfer,False,2025-04-26
348,104,1760.37,deposit,False,2022-12-06
349,195,544.41,payment,False,2024-01-25
350,413,917.33,payment,False,2025-09-30
351,489,977.9,payment,False,2024-04-08
352,157,2441.16,payment,False,2025-02-07
353,98,2386.71,payment,False,2025-05-27
354,226,2000.54,payment,False,2023-12-27
355,412,604.91,payment,False,2024-08-25
356,205,171.03,transfer,False,2024-09-29
357,79,792.94,transfer,False,2024-10-12
358,124,667.72,payment,False,2025-09-30
359,471,1265.31,payment,False,2025-09-30
360,428,1944.54,payment,False,2024-12-29
361,218,2145.95,payment,False,2025-09-30
362,4,2112.32,deposit,False,2023-11-08
363,90,899.83,payment,False,2025-09-30
364,104,1718.4,payment,False,2024-02-21
365,393,782.77,deposit,False,2022-12-17
366,119,153.2,deposit,False,2025-09-30
367,133,1754.21,payment,False,2023-10-28
368,312,25.56,withdrawal,False,2025-04-02
369,96,1023.55,payment,False,2024-07-16
370,468,824.12,payment,False,2025-09-30
371,434,1733.75,payment,False,2023-05-10
372,331,1915.85,payment,False,2023-05-29
373,143,760.93,payment,False,2024-11-08
374,288,2029.26,payment,False,2022-08-19
375,28,735.5,withdrawal,False,2023-04-27
376,278,1116.37,deposit,False,2025-09-30
377,233,1817.82,payment,False,2025-04-07
378,17,1732.61,payment,False,2023-12-16
379,59,2468.43,deposit,False,2023-11-23
380,90,563.68,payment,False,2025-07-29
381,492,1656.13,transfer,False,2025-01-07
382,199,1524.6,withdrawal,False,2025-01-21
383,362,2287.83,payment,False,2024-10-26
384,441,391.75,payment,False,2024-01-21
385,26,1879.74,payment,False,2025-09-30
386,25,1421.1,payment,False,2024-12-04
387,394,687.39,payment,False,2025-03-11
388,301,1186.61,withdrawal,False,2025-09-30
389,339,835.11,payment,False,2023-09-16
390,267,1448.7,payment,False,2023-05-18
391,461,2222.61,payment,False,2024-06-27
392,181,1423.69,payment,False,2025-06-07
393,456,1579.67,payment,False,2024-12-26
394,360,1297.35,payment,False,2025-09-30
395,68,128.86,payment,False,2024-07-28
396,495,582.91,withdrawal,False,2025-09-01
397,351,1230.51,payment,False,2022-10-20
398,412,776.28,deposit,False,2024-04-07
399,459,455.23,payment,False,2023-05-13
400,491,1260.83,payment,False,2024-02-24
401,321,807.7,payment,False,2025-07-15
402,49,646.01,withdrawal,False,2024-05-02
403,175,1160.5,payment,False,2024-06-01
404,52,334.08,payment,False,2024-02-13
405,102,2319.44,payment,False,2024-04-19
406,216,2169.39,payment,False,2025-07-05
407,438,1769.34,payment,False,2023-04-03
408,188,266.43,withdrawal,False,2023-02-25
409,57,1939.92,payment,False,2024-10-26
410,47,2020.09,withdrawal,False,2024-08-05
411,159,1919.64,payment,False,2022-10-15
412,489,285.8,withdrawal,False,2022-07-30
413,174,1610.13,withdrawal,False,2025-07-04
414,242,2085.98,payment,True,2025-09-30
415,282,1443.81,withdrawal,False,2023-07-18
416,241,1616.37,deposit,False,2024-08-23
417,370,1146.45,payment,False,2024-05-05
418,5,1322.24,payment,False,2023-05-26
419,84,86.91,deposit,False,2025-02-13
420,308,1597.77,payment,False,2025-09-30
421,361,204.54,payment,False,2024-03-09
422,459,1088.1,deposit,False,2023-12-08
423,248,732.35,payment,False,2025-09-30
424,54,1364.02,withdrawal,False,2025-01-02
425,161,334.41,deposit,False,2024-06-01
426,434,1729.42,transfer,False,2022-06-06
427,422,1987.73,payment,False,2024-11-28
428,411,409.22,payment,False,2025-09-07
429,226,261.68,payment,False,2024-12-07
430,15,364.64,payment,False,2022-12-01
431,224,2192.94,payment,False,2025-09-30
432,61,1320.94,payment,False,2023-01-22
433,122,1168.69,payment,False,2023-11-10
434,277,267.67,payment,False,2025-09-30
435,46,1624.24,withdrawal,False,2025-09-30
436,453,2170.13,withdrawal,False,2025-09-30
437,390,2070.64,deposit,False,2025-09-30
438,294,1565.51,transfer,False,2023-10-05
439,62,189.12,payment,False,2023-12-17
440,86,281.88,transfer,False,2025-09-30
441,446,124.22,deposit,False,2025-05-09
442,210,644.44,payment,False,2023-01-07
443,78,340.02,payment,False,2022-11-13
444,202,650.86,payment,False,2025-04-07
445,302,963.26,payment,False,2023-09-10
446,397,2357.51,payment,False,2023-06-13
447,223,1526.33,payment,False,2023-07-13
448,222,2087.6,withdrawal,False,2025-05-29
449,3,1776.17,payment,False,2025-05-14
450,478,282.15,payment,False,2024-12-30
451,6,1840.07,deposit,False,2024-05-26
452,93,688.47,payment,False,2024-07-28
453,8,1598.13,transfer,False,2023-07-28
454,428,853.06,payment,False,2023-07-26
455,493,2494.18,transfer,False,2023-05-31
456,235,659.62,payment,False,2025-09-30
457,108,698.55,payment,False,2025-09-30
458,161,2326.75,payment,False,2023-10-05
459,209,62.59,withdrawal,False,2023-06-11
460,240,1742.03,deposit,False,2023-06-27
461,331,1813.59,payment,False,2024-06-11
462,333,2091.11,transfer,False,2025-09-30
463,50,2436.12,payment,False,2025-06-06
464,11,2439.03,withdrawal,False,2025-09-30
465,351,164.13,deposit,False,2023-08-13
466,156,2054.78,payment,False,2022-05-20
467,492,1616.13,payment,False,2025-01-25
468,70,1618.71,transfer,False,2023-11-21
469,169,321.75,transfer,False,2024-05-25
470,272,1625.82,transfer,False,2025-09-30
471,68,2456.22,transfer,False,2023-03-17
472,355,2279.63,payment,False,2022-07-26
473,252,1098.39,deposit,False,2025-09-30
474,48,100.83,payment,False,2024-03-04
475,184,906.37,transfer,False,2025-09-21
476,320,2066.15,payment,False,2025-02-04
477,187,1754.05,payment,False,2024-10-24
478,90,1148.9,payment,False,2025-08-15
479,446,138.7,payment,False,2025-09-30
480,332,1067.81,payment,False,2024-06-19
481,139,1173.09,deposit,False,2023-12-09
482,357,2321.46,deposit,False,2025-09-30
483,89,1603.07,payment,False,2024-10-18
484,274,779.82,deposit,False,2023-06-19
485,19,1313.77,withdrawal,False,2025-09-30
486,471,166.07,payment,False,2025-09-30
487,311,2431.45,payment,False,2025-09-30
488,358,900.79,deposit,False,2023-10-14
489,374,1195.19,withdrawal,False,2023-10-19
490,466,888.85,payment,False,2022-08-31
491,154,1706.6,withdrawal,False,2024-11-01
492,390,1655.92,payment,False,2025-09-30
493,260,1788.59,payment,False,2024-01-17
494,108,671.09,payment,False,2025-09-30
495,371,789.86,payment,False,2025-09-30
496,285,314.0,withdrawal,False,2022-08-11
497,59,1639.12,transfer,False,2025-02-13
498,125,100.45,payment,False,2025-09-30
499,354,1494.61,payment,False,2024-06-16
500,273,2174.37,withdrawal,False,2024-06-14
501,107,2227.19,deposit,False,2022-05-25
502,299,1123.15,withdrawal,False,2025-06-05
503,245,1148.8,deposit,False,2024-09-09
504,336,193.35,payment,False,2025-09-30
505,450,1677.24,deposit,False,2025-09-30
506,418,2053.33,payment,False,2024-10-10
507,247,612.39,payment,False,2022-10-03
508,8,1053.83,payment,False,2023-10-30
509,141,2097.26,payment,False,2024-06-02
510,362,2192.92,transfer,False,2024-04-04
511,8,608.71,deposit,False,2024-06-02
512,478,1376.88,payment,False,2025-07-06
513,352,482.04,payment,False,2022-04-01
514,484,255.6,payment,False,2025-03-28
515,495,2277.89,payment,False,2025-09-30
516,94,2051.45,withdrawal,False,2024-04-12
517,321,1900.33,transfer,False,2025-09-30
518,427,122.87,transfer,False,2023-12-24
519,39,2109.48,withdrawal,False,2024-10-28
520,81,1095.67,deposit,False,2025-09-30
521,187,856.65,payment,False,2025-01-31
522,84,1366.64,payment,False,2025-09-21
523,88,229.29,payment,False,2025-09-30
524,242,1891.86,payment,False,2024-10-12
525,342,1456.51,withdrawal,False,2022-12-08
526,93,467.29,payment,False,2025-04-08
527,86,471.39,payment,False,2024-12-01
528,44,461.44,payment,False,2025-09-30
529,137,143.45,transfer,False,2024-06-19
530,421,1469.91,payment,False,2024-12-08
531,74,2101.03,deposit,False,2023-10-30
532,36,44.73,deposit,False,2025-04-20
533,101,123.46,payment,False,2025-09-30
534,476,1432.35,payment,False,2025-09-30
535,156,2048.92,deposit,False,2023-02-06
536,426,817.52,payment,False,2025-09-30
537,255,874.69,transfer,False,2023-10-09
538,171,1491.27,payment,False,2024-06-04
539,469,686.26,payment,False,2023-06-22
540,216,67.49,deposit,False,2025-09-30
541,170,1838.34,deposit,False,2023-12-02
542,252,1564.5,transfer,False,2025-09-30
543,360,1452.31,withdrawal,False,2025-09-30
544,322,1854.47,transfer,False,2025-02-10
545,55,1688.4,deposit,False,2025-09-30
546,456,515.5,deposit,False,2025-09-30
547,432,881.85,payment,False,2023-09-05
548,91,316.15,payment,False,2025-09-02
549,278,325.51,transfer,False,2025-08-21
550,101,1690.81,payment,False,2025-09-30
551,155,2146.64,payment,False,2024-12-17
552,377,2406.87,payment,False,2025-09-30
553,349,1571.24,payment,False,2023-08-25
554,451,461.07,payment,False,2024-09-18
555,364,265.02,payment,False,2024-12-21
556,141,2032.31,deposit,False,2023-07-26
557,173,1447.31,payment,False,2023-08-12
558,10,1546.09,payment,False,2025-09-30
559,228,1953.87,payment,False,2025-09-30
560,265,1758.49,payment,False,2024-06-14
561,438,2086.31,payment,False,2024-01-19
562,248,141.48,withdrawal,False,2025-09-30
563,247,1869.05,payment,False,2022-12-23
564,155,2127.28,transfer,False,2024-10-24
565,34,716.05,payment,False,2025-09-30
566,499,1601.48,payment,False,2025-09-30
567,129,786.09,payment,False,2025-09-19
568,160,2394.97,payment,False,2025-08-02
569,89,84.53,deposit,False,2023-10-16
570,93,1449.9,deposit,False,2025-09-30
571,327,417.09,withdrawal,False,2023-05-05
572,241,1780.84,payment,False,2024-05-24
573,323,440.55,payment,False,2025-09-30
574,468,589.22,payment,False,2025-09-30
575,404,1236.43,transfer,True,2022-10-25
576,117,2287.17,payment,True,2023-05-02
577,94,530.07,withdrawal,False,2023-09-10
578,163,361.46,payment,False,2025-09-30
579,99,1897.68,payment,False,2025-01-10
580,113,1252.05,payment,False,2024-12-11
581,359,2279.55,payment,False,2025-09-10
582,91,367.39,deposit,False,2025-01-16
583,346,1615.17,payment,False,2025-04-08
584,206,582.96,withdrawal,False,2024-10-29
585,17,392.74,payment,False,2025-02-01
586,274,1708.89,transfer,False,2023-12-24
587,173,1484.62,payment,False,2022-04-24
588,116,1887.31,deposit,False,2024-08-13
589,349,774.35,deposit,False,2024-04-08
590,468,1120.48,transfer,False,2025-09-30
591,181,1014.27,payment,False,2025-09-30
592,91,2460.24,withdrawal,False,2024-08-28
593,82,731.33,payment,False,2025-04-21
594,324,737.75,payment,False,2025-09-30
595,449,887.02,payment,False,2022-05-28
596,114,1411.92,payment,False,2024-02-27
597,257,631.55,transfer,False,2024-07-09
598,58,2288.31,payment,False,2024-11-07
599,154,664.95,payment,False,2025-05-07
600,365,2239.64,withdrawal,False,2023-10-20
601,404,259.58,payment,False,2023-07-28
602,116,1641.75,withdrawal,False,2025-09-30
603,343,2267.56,payment,False,2024-01-13
604,266,422.7,payment,False,2025-09-30
605,315,2420.85,payment,False,2024-07-03
606,203,1132.76,transfer,False,2024-02-28
607,41,2364.34,deposit,False,2025-08-04
608,105,1692.37,transfer,True,2023-12-13
609,389,754.67,payment,False,2022-04-21
610,378,471.57,payment,True,2025-08-08
611,193,760.03,payment,False,2025-05-02
612,401,233.45,payment,False,2023-02-17
613,278,360.53,payment,False,2025-08-02
614,354,262.55,withdrawal,False,2025-02-11
615,237,1057.94,payment,False,2025-01-18
616,425,1989.15,payment,False,2025-09-30
617,221,354.32,deposit,False,2025-09-30
618,68,326.67,withdrawal,False,2024-10-10
619,197,1608.93,payment,False,2024-03-29
620,256,493.76,payment,False,2025-09-30
621,139,244.93,payment,False,2023-04-13
622,312,417.95,payment,False,2025-07-04
623,435,2309.4,withdrawal,False,2025-04-25
624,149,2053.86,payment,False,2023-08-12
625,99,885.81,deposit,False,2024-04-09
626,76,1639.9,deposit,False,2024-11-11
627,282,1343.65,withdrawal,False,2024-02-23
628,371,1693.13,payment,False,2025-09-30
629,403,1707.0,payment,False,2025-09-30
630,109,1572.21,deposit,False,2025-04-27
631,188,665.99,payment,False,2023-10-19
632,199,98.48,payment,False,2025-06-13
633,303,1139.46,payment,False,2025-06-26
634,327,2227.54,payment,False,2024-08-16
635,154,1424.17,deposit,False,2024-06-11
636,40,2081.15,payment,False,2024-02-06
637,133,2479.07,payment,False,2025-02-06
638,405,409.88,payment,False,2025-09-30
639,462,1729.75,payment,False,2023-04-05
640,132,1686.06,deposit,False,2025-03-18
641,279,2449.91,deposit,False,2025-09-30
642,362,2464.02,payment,False,2025-05-11
643,84,1717.01,payment,False,2025-03-28
644,399,609.79,payment,False,2025-01-31
645,242,1996.59,withdrawal,False,2024-12-21
646,116,268.47,payment,False,2025-09-30
647,109,1951.97,withdrawal,False,2024-05-14
648,221,2275.58,payment,False,2025-09-30
649,392,957.7,withdrawal,False,2025-09-30
650,41,1576.96,payment,False,2025-09-30
651,368,1075.93,deposit,False,2025-09-30
652,147,1094.97,payment,False,2023-11-28
653,112,776.62,withdrawal,True,2025-02-02
654,103,1905.56,payment,False,2024-10-06
655,46,2340.51,payment,False,2025-09-30
656,412,2351.94,withdrawal,False,2024-10-29
657,494,437.78,payment,False,2025-05-09
658,475,2186.98,deposit,False,2023-10-12
659,324,1843.84,withdrawal,False,2025-09-30
660,378,632.84,payment,False,2025-08-07
661,271,169.14,payment,False,2025-09-30
662,483,670.73,payment,False,2022-11-24
663,421,2280.61,payment,False,2025-03-22
664,385,1583.31,payment,False,2023-12-12
665,195,1802.92,withdrawal,False,2024-09-14
666,367,643.62,payment,False,2025-09-30
667,280,1798.75,payment,False,2023-09-14
668,283,71.28,payment,False,2024-09-05
669,40,938.93,payment,False,2023-03-30
670,447,1567.26,payment,False,2025-08-30
671,189,366.1,withdrawal,False,2025-09-30
672,164,2057.69,deposit,False,2025-07-24
673,482,588.34,payment,False,2023-12-14
674,477,1631.05,transfer,False,2023-06-30
675,24,1013.59,payment,False,2025-09-30
676,24,1490.51,transfer,False,2025-09-30
677,490,269.52,withdrawal,False,2025-09-30
678,4,43.27,withdrawal,False,2024-12-14
679,323,2274.0,payment,False,2025-04-06
680,290,674.81,payment,False,2025-09-30
681,441,2049.37,payment,False,2023-12-28
682,433,2498.38,withdrawal,False,2025-09-03
683,471,529.37,payment,False,2025-07-27
684,181,663.66,deposit,False,2025-03-22
685,248,1657.49,payment,False,2025-04-19
686,116,2413.66,deposit,False,2024-10-05
687,279,2289.62,payment,False,2025-09-30
688,365,1257.69,payment,False,2023-02-25
689,69,1987.98,payment,False,2025-02-22
690,351,340.23,payment,False,2022-06-08
691,254,2443.62,payment,False,2023-07-06
692,181,2410.92,deposit,False,2025-08-28
693,318,410.16,payment,False,2025-02-27
694,169,749.26,payment,False,2024-04-05
695,313,251.29,deposit,False,2025-02-25
696,249,680.02,payment,False,2023-11-13
697,188,2040.07,transfer,False,2024-07-13
698,54,946.41,transfer,False,2024-11-08
699,326,221.9,payment,False,2025-09-30
700,357,856.22,payment,False,2025-09-30
701,313,2453.48,payment,False,2025-09-30
702,138,1574.58,deposit,False,2024-05-24
703,168,1040.99,payment,False,2023-02-17
704,391,417.18,withdrawal,False,2024-12-16
705,103,2465.46,deposit,False,2025-09-30
706,422,2052.3,payment,False,2024-12-17
707,85,704.41,deposit,False,2023-10-05
708,317,176.1,withdrawal,False,2024-10-01
709,212,142.51,payment,False,2023-01-10
710,3,301.82,deposit,False,2025-08-19
711,384,1452.34,withdrawal,False,2025-05-17
712,179,2321.98,payment,False,2024-09-12
713,342,1242.36,payment,False,2022-07-06
714,303,2107.52,payment,False,2025-09-18
715,452,1115.27,payment,False,2025-03-06
716,476,1771.75,transfer,False,2025-09-30
717,332,1829.95,payment,False,2024-06-25
718,38,435.74,withdrawal,False,2024-09-02
719,499,903.68,payment,False,2025-09-30
720,420,1593.62,payment,False,2025-09-30
721,239,177.67,transfer,False,2024-10-11
722,169,904.49,deposit,False,2025-02-06
723,453,1337.46,payment,False,2025-09-29
724,397,2490.57,payment,False,2024-08-31
725,343,1186.86,payment,False,2023-08-30
726,314,2040.33,payment,False,2023-09-16
727,306,1080.74,payment,False,2023-03-24
728,30,1991.18,payment,False,2024-04-30
729,190,1488.94,transfer,False,2024-11-18
730,357,2216.6,payment,False,2025-09-30
731,25,1027.95,deposit,False,2024-09-30
732,112,1511.16,withdrawal,False,2024-02-26
733,411,1575.42,payment,False,2025-01-25
734,435,1044.04,deposit,False,2024-04-27
735,206,361.64,payment,False,2025-09-30
736,185,234.8,deposit,False,2025-09-30
737,382,42.66,payment,False,2024-08-11
738,496,2183.96,payment,False,2025-09-30
739,379,591.95,deposit,False,2024-02-16
740,47,529.56,payment,False,2023-07-09
741,374,1840.35,deposit,False,2023-07-07
742,228,800.72,transfer,False,2025-09-30
743,39,1265.61,payment,False,2024-04-20
744,16,407.12,payment,False,2024-06-09
745,22,2399.4,payment,False,2025-02-09
746,213,2129.1,withdrawal,False,2025-09-30
747,310,2159.61,deposit,False,2025-09-30
748,149,1017.53,payment,False,2025-05-03
749,456,1906.14,payment,False,2024-07-29
750,241,360.55,withdrawal,False,2024-09-02
751,272,22.54,payment,False,2025-09-30
752,59,50.91,deposit,False,2023-08-16
753,287,1466.92,withdrawal,False,2025-06-02
754,426,1139.03,transfer,False,2025-09-30
755,202,1295.52,payment,False,2025-04-03
756,32,19.65,payment,False,2022-10-28
757,443,1057.29,payment,False,2023-09-29
758,162,1795.45,payment,False,2025-05-10
759,255,1107.29,transfer,False,2025-04-10
760,254,1830.82,payment,False,2022-11-11
761,9,583.31,deposit,False,2025-09-30
762,465,2033.04,payment,False,2025-09-30
763,139,1471.49,payment,False,2023-04-09
764,480,527.7,payment,False,2025-09-30
765,10,592.56,withdrawal,False,2025-09-30
766,214,1570.45,payment,False,2024-07-27
767,273,2075.02,payment,False,2023-10-05
768,324,1039.65,transfer,False,2025-03-09
769,48,646.49,payment,False,2023-12-03
770,436,2167.66,payment,False,2025-09-10
771,111,1673.5,payment,True,2025-09-30
772,153,1120.77,payment,False,2023-10-30
773,123,1220.26,transfer,False,2025-09-30
774,405,511.44,payment,False,2025-09-30
775,357,1567.38,payment,False,2025-09-30
776,102,897.5,payment,False,2024-07-21
777,241,2489.12,withdrawal,False,2024-11-12
778,321,1200.98,payment,False,2025-09-30
779,191,1215.23,withdrawal,False,2024-08-21
780,217,1415.06,payment,False,2025-08-28
781,51,2291.97,payment,False,2025-09-30
782,292,2002.24,deposit,False,2025-09-30
783,81,1128.37,payment,False,2025-09-16
784,489,1797.03,deposit,False,2022-11-26
785,383,1466.0,payment,False,2022-06-14
786,88,1231.43,deposit,False,2024-11-04
787,194,481.6,payment,False,2022-12-26
788,104,1160.38,withdrawal,False,2024-07-05
789,271,615.3,payment,False,2024-11-15
790,96,2287.19,payment,False,2022-10-17
791,423,839.18,payment,False,2024-02-06
792,379,2380.71,payment,False,2024-08-22
793,198,1333.11,payment,False,2025-09-30
794,1,1579.23,payment,False,2025-08-29
795,495,1357.81,payment,False,2025-09-30
796,407,324.32,deposit,False,2024-01-29
797,378,940.18,withdrawal,False,2025-09-30
798,167,248.77,withdrawal,False,2024-06-15
799,126,1557.76,payment,False,2025-03-22
800,313,1117.74,payment,False,2025-09-30
801,81,1945.18,payment,False,2025-09-30
802,418,551.96,deposit,False,2024-03-30
803,251,412.25,payment,False,2023-09-22
804,169,1016.42,payment,False,2024-12-23
805,477,2316.54,withdrawal,False,2024-03-04
806,73,1776.34,payment,False,2024-08-18
807,141,1047.89,deposit,False,2024-09-15
808,70,1293.66,deposit,False,2022-10-01
809,262,211.45,payment,False,2025-07-05
810,340,2461.46,payment,False,2024-03-10
811,308,1666.35,payment,False,2025-09-30
812,245,714.22,withdrawal,False,2024-09-23
813,3,1464.94,payment,False,2025-09-30
814,337,274.6,withdrawal,False,2024-03-22
815,63,2414.63,payment,False,2023-08-20
816,49,437.79,payment,False,2023-07-14
817,76,1620.43,payment,False,2025-05-14
818,368,614.39,deposit,True,2025-04-09
819,175,1794.19,payment,False,2024-11-06
820,109,1942.28,deposit,False,2024-02-06
821,183,1683.88,payment,False,2025-09-30
822,192,1536.63,payment,False,2024-08-22
823,65,2231.28,deposit,False,2024-07-05
824,337,197.49,deposit,False,2023-04-29
825,451,827.96,payment,False,2024-05-07
826,474,621.47,payment,False,2025-09-30
827,271,2470.05,deposit,False,2025-01-16
828,100,974.09,payment,False,2022-12-08
829,32,1831.8,payment,False,2022-11-17
830,352,1712.13,transfer,False,2023-11-24
831,128,530.99,payment,False,2025-09-30
832,452,598.26,payment,False,2025-07-16
833,402,703.93,payment,False,2025-03-14
834,369,1028.41,withdrawal,False,2025-09-30
835,339,586.58,withdrawal,False,2024-04-03
836,43,50.11,payment,False,2023-08-09
837,372,2198.6,payment,False,2023-06-18
838,419,2414.06,payment,False,2024-07-08
839,488,854.58,withdrawal,False,2025-09-30
840,78,846.93,payment,False,2024-04-07
841,314,18.72,transfer,False,2022-07-07
842,289,1700.95,payment,False,2025-09-30
843,270,2063.77,transfer,False,2025-09-30
844,162,367.37,payment,False,2024-11-22
845,189,400.01,deposit,False,2025-04-01
846,247,1975.42,payment,False,2023-11-17
847,388,1541.11,payment,False,2025-09-30
848,216,113.11,deposit,False,2025-09-30
849,315,1556.74,deposit,False,2023-07-05
850,413,772.99,payment,False,2025-09-30
851,339,922.44,withdrawal,False,2025-03-13
852,390,1924.56,payment,False,2025-09-30
853,377,2027.53,deposit,False,2025-09-30
854,481,1001.49,payment,False,2025-09-30
855,433,2367.94,payment,False,2025-09-30
856,168,1016.75,payment,False,2023-12-18
857,339,1929.82,payment,False,2023-11-18
858,193,1210.21,deposit,False,2025-03-01
859,453,2243.93,payment,False,2025-05-08
860,283,2269.5,payment,False,2025-05-03
861,336,219.45,payment,False,2025-07-02
862,390,2341.3,withdrawal,False,2025-09-30
863,488,2064.01,payment,False,2025-09-30
864,13,1978.49,payment,False,2025-09-30
865,240,503.08,transfer,True,2024-10-24
866,320,2012.99,payment,False,2025-09-30
867,446,2125.48,withdrawal,False,2025-04-01
868,483,723.59,withdrawal,False,2023-10-01
869,147,2380.7,payment,False,2023-07-25
870,204,125.6,transfer,False,2025-09-30
871,80,375.62,withdrawal,False,2022-09-18
872,379,1344.42,payment,False,2023-11-14
873,43,1439.91,payment,False,2023-05-13
874,458,1613.23,withdrawal,False,2023-06-15
875,89,43.41,payment,False,2024-06-05
876,148,2400.96,deposit,False,2023-03-06
877,95,112.43,payment,False,2022-11-05
878,452,358.51,payment,False,2025-09-30
879,428,36.02,payment,False,2023-09-14
880,151,1417.58,payment,False,2023-02-04
881,2,2330.73,payment,False,2024-05-02
882,376,1665.2,deposit,False,2023-09-17
883,22,2056.82,withdrawal,False,2024-08-23
884,371,34.19,withdrawal,False,2024-10-15
885,313,1355.5,withdrawal,False,2025-09-30
886,485,1149.45,deposit,False,2023-07-30
887,328,1247.92,payment,False,2022-05-20
888,7,181.46,deposit,False,2025-07-23
889,206,1711.4,payment,True,2024-03-07
890,440,1258.55,transfer,False,2025-09-30
891,375,1913.11,withdrawal,False,2023-12-06
892,451,1213.74,payment,False,2024-10-14
893,114,374.3,payment,False,2024-07-01
894,272,1620.99,payment,True,2025-09-30
895,83,431.79,payment,True,2025-01-10
896,179,2181.11,payment,False,2025-01-27
897,210,1533.18,payment,False,2023-09-25
898,500,393.85,payment,False,2024-02-01
899,464,2405.88,transfer,False,2024-05-28
900,328,1296.4,withdrawal,False,2023-03-23
901,124,183.17,deposit,False,2025-09-30
902,481,1567.46,withdrawal,False,2025-09-30
903,113,633.74,payment,False,2025-03-15
904,12,2009.43,payment,False,2024-04-24
905,126,2044.74,withdrawal,False,2025-07-29
906,53,2447.39,transfer,False,2025-09-30
907,331,1255.17,payment,False,2023-12-17
908,389,1137.94,deposit,False,2022-11-24
909,283,1883.94,transfer,False,2025-02-08
910,140,332.04,withdrawal,False,2023-11-14
911,401,1367.74,transfer,False,2023-03-08
912,390,1366.07,payment,False,2025-09-30
913,97,224.59,transfer,False,2024-06-28
914,5,1045.54,withdrawal,False,2023-11-24
915,57,2133.36,payment,False,2024-06-25
916,412,2140.53,transfer,False,2023-10-10
917,334,248.99,payment,False,2024-07-06
918,69,227.71,payment,False,2024-07-16
919,118,657.48,payment,False,2023-12-02
920,376,2187.04,payment,False,2024-11-13
921,59,323.13,payment,False,2024-06-24
922,33,1800.27,deposit,False,2022-09-21
923,318,253.81,payment,False,2024-04-26
924,50,1558.22,payment,False,2025-09-15
925,368,890.81,payment,False,2025-09-30
926,489,1972.5,payment,False,2024-03-28
927,19,584.99,withdrawal,False,2025-09-12
928,214,1598.37,deposit,False,2023-10-18
929,197,589.97,transfer,False,2022-11-03
930,379,1784.44,withdrawal,False,2025-02-11
931,450,2184.32,payment,False,2025-09-30
932,478,317.88,transfer,False,2025-05-05
933,47,2166.62,deposit,False,2023-08-29
934,167,1484.34,payment,False,2024-04-05
935,452,318.65,withdrawal,False,2024-07-30
936,289,1069.43,transfer,False,2025-07-12
937,141,402.99,withdrawal,False,2024-05-25
938,84,1751.17,payment,False,2024-06-02
939,182,1897.41,withdrawal,False,2023-07-02
940,391,265.39,payment,False,2024-03-15
941,79,1265.84,payment,False,2024-12-14
942,215,2036.75,payment,False,2024-02-06
943,14,2340.47,payment,False,2025-01-14
944,215,1284.28,payment,False,2024-07-07
945,403,2375.75,payment,False,2025-09-30
946,128,1339.69,withdrawal,False,2025-09-30
947,310,986.08,deposit,False,2025-09-30
948,477,2120.66,transfer,False,2023-10-16
949,248,1232.96,payment,False,2025-05-15
950,404,1180.28,payment,False,2023-01-04
951,29,1226.29,transfer,False,2025-07-04
952,280,2117.12,payment,False,2022-10-26
953,338,2080.02,withdrawal,False,2023-12-02
954,319,1009.4,deposit,False,2023-10-30
955,202,833.92,payment,False,2025-05-03
956,361,1230.33,deposit,False,2024-01-29
957,57,1432.36,deposit,False,2025-01-10
958,392,596.6,payment,False,2024-07-18
959,218,1985.09,payment,False,2025-09-30
960,62,1216.72,payment,False,2025-02-21
961,157,835.78,payment,False,2023-12-21
962,202,267.95,payment,False,2024-11-24
963,17,597.87,payment,False,2024-06-30
964,322,2373.25,payment,False,2024-07-03
965,6,763.44,transfer,False,2024-05-16
966,58,422.98,payment,False,2024-11-24
967,325,1152.22,payment,False,2025-09-30
968,412,768.41,payment,False,2024-12-19
969,318,88.86,payment,False,2025-01-22
970,169,808.54,payment,False,2024-04-19
971,453,1360.73,payment,False,2025-06-02
972,82,1379.73,payment,False,2025-09-30
973,474,892.04,deposit,False,2025-01-20
974,468,1118.81,transfer,False,2025-09-30
975,425,2413.83,payment,False,2025-09-30
976,433,943.99,payment,False,2024-10-23
977,219,646.31,withdrawal,False,2024-07-29
978,177,609.42,withdrawal,False,2025-09-30
979,204,1144.95,payment,False,2025-09-30
980,71,1899.04,transfer,False,2023-01-09
981,387,515.76,payment,False,2024-07-16
982,266,1773.53,payment,False,2025-04-19
983,98,53.85,withdrawal,False,2024-03-12
984,345,1047.91,transfer,False,2025-08-22
985,291,1939.89,deposit,False,2025-08-16
986,208,847.49,payment,False,2025-09-30
987,2,1409.78,payment,False,2022-07-31
988,124,513.24,payment,False,2025-09-30
989,280,1855.25,payment,False,2024-04-16
990,74,131.65,withdrawal,False,2023-12-13
991,166,2131.5,deposit,False,2024-06-20
992,22,496.29,withdrawal,False,2025-09-30
993,154,2186.12,transfer,False,2024-10-16
994,427,881.97,payment,False,2024-01-16
995,439,1806.99,deposit,False,2022-12-08
996,295,798.74,deposit,False,2024-02-20
997,219,2264.87,payment,True,2024-07-15
998,157,317.47,withdrawal,False,2023-09-20
999,495,447.12,payment,False,2025-03-03
1000,230,1233.08,deposit,False,2025-09-30
1001,20,205.76,payment,False,2024-03-01
1002,475,490.75,payment,False,2023-10-21
1003,41,2359.47,withdrawal,False,2025-09-30
1004,438,2441.25,withdrawal,False,2024-09-01
1005,148,941.27,payment,False,2023-10-28
1006,108,2308.29,payment,False,2025-09-30
1007,403,1362.52,payment,False,2025-09-30
1008,84,675.09,payment,False,2024-10-08
1009,483,1756.29,deposit,False,2022-05-15
1010,367,1647.6,transfer,False,2025-09-30
1011,322,2472.82,payment,False,2025-04-12
1012,414,663.35,deposit,False,2025-09-30
1013,309,1680.48,payment,False,2024-09-10
1014,290,131.01,withdrawal,False,2025-09-30
1015,406,285.0,payment,False,2024-06-20
1016,323,10.79,payment,False,2025-09-30
1017,134,2498.65,withdrawal,False,2025-09-30
1018,207,2005.88,payment,False,2025-07-18
1019,283,1967.02,withdrawal,False,2024-11-25
1020,266,1274.81,deposit,False,2025-09-30
1021,73,750.87,payment,False,2024-08-22
1022,481,379.01,payment,False,2025-09-30
1023,352,712.4,deposit,False,2022-12-31
1024,48,940.55,deposit,False,2025-01-12
1025,326,1891.02,payment,False,2025-09-30
1026,233,1349.61,payment,False,2025-04-09
1027,443,194.63,withdrawal,False,2023-07-10
1028,100,46.05,payment,False,2023-02-20
1029,59,256.73,payment,False,2025-01-31
1030,258,1026.84,payment,False,2024-03-14
1031,413,2333.05,deposit,False,2025-09-30
1032,452,1593.87,withdrawal,False,2025-09-30
1033,65,2004.76,transfer,False,2024-03-26
1034,83,1166.47,deposit,False,2025-09-30
1035,154,904.8,transfer,False,2023-08-19
1036,473,271.89,payment,False,2024-03-30
1037,266,2189.96,deposit,False,2025-09-30
1038,309,1958.12,payment,False,2024-06-06
1039,79,421.13,withdrawal,False,2025-09-30
1040,315,1281.14,payment,False,2023-10-27
1041,150,1218.95,payment,False,2023-12-02
1042,435,1563.1,deposit,False,2024-10-13
1043,48,2365.52,deposit,False,2025-04-02
1044,405,1449.85,payment,False,2025-05-27
1045,379,1351.0,withdrawal,False,2025-02-13
1046,248,126.76,payment,False,2024-11-07
1047,278,158.21,payment,False,2025-09-30
1048,356,469.18,deposit,False,2025-09-30
1049,98,82.14,payment,False,2025-09-23
1050,414,1858.64,transfer,False,2025-04-03
1051,25,1808.6,payment,False,2024-03-04
1052,493,341.0,withdrawal,False,2023-08-05
1053,284,2090.36,withdrawal,False,2024-07-12
1054,449,387.81,payment,False,2023-10-15
1055,369,753.64,payment,False,2025-02-23
1056,301,623.19,deposit,False,2025-09-30
1057,68,931.4,deposit,False,2023-08-26
1058,7,637.4,payment,False,2025-09-30
1059,305,1222.89,payment,False,2025-09-30
1060,137,1019.11,payment,False,2024-05-16
1061,164,2466.44,payment,False,2025-09-30
1062,83,140.76,payment,False,2025-09-30
1063,385,356.31,payment,False,2023-05-30
1064,138,133.01,deposit,False,2022-12-12
1065,420,1564.98,withdrawal,False,2024-07-06
1066,73,137.22,transfer,False,2025-01-13
1067,237,2091.26,withdrawal,False,2023-12-05
1068,46,1280.33,transfer,False,2025-09-30
1069,106,1317.99,payment,False,2023-06-28
1070,416,1404.42,withdrawal,False,2025-05-20
1071,288,427.86,transfer,False,2022-10-18
1072,262,495.03,withdrawal,False,2025-03-07
1073,176,797.72,payment,False,2023-02-06
1074,166,1484.15,withdrawal,False,2025-03-03
1075,145,526.08,transfer,False,2024-12-03
1076,330,291.71,deposit,False,2025-07-29
1077,370,2425.32,payment,False,2024-04-19
1078,283,55.93,withdrawal,False,2023-10-19
1079,54,2006.94,transfer,False,2024-07-02
1080,178,1970.3,payment,False,2025-09-30
1081,419,743.74,withdrawal,False,2025-09-23
1082,244,339.93,payment,False,2025-05-15
1083,341,364.93,withdrawal,False,2023-03-17
1084,127,1743.88,withdrawal,False,2025-09-30
1085,409,1607.37,payment,False,2024-11-13
1086,412,1957.08,payment,False,2025-02-24
1087,367,2343.77,withdrawal,False,2025-09-09
1088,271,1730.13,payment,False,2025-09-14
1089,132,390.47,payment,False,2025-09-09
1090,93,609.36,deposit,False,2025-09-30
1091,379,2105.64,payment,False,2024-06-11
1092,73,524.06,payment,False,2024-01-23
1093,411,182.23,transfer,False,2025-09-30
1094,410,1758.5,payment,False,2025-09-30
1095,403,1006.91,payment,False,2025-06-04
1096,248,2300.18,withdrawal,False,2025-09-30
1097,348,1625.99,deposit,False,2022-10-17
1098,273,226.96,transfer,False,2025-03-26
1099,43,2369.69,transfer,False,2023-05-14
1100,377,647.13,deposit,False,2024-12-18
1101,41,843.69,payment,False,2025-09-30
1102,170,1006.25,payment,False,2023-10-23
1103,434,129.01,payment,False,2022-10-15
1104,212,1241.79,payment,False,2022-12-30
1105,493,309.17,withdrawal,False,2023-10-11
1106,168,1003.02,withdrawal,False,2022-11-25
1107,39,877.42,payment,False,2024-09-26
1108,369,1932.33,deposit,False,2024-03-15
1109,245,2008.12,payment,False,2023-07-15
1110,151,384.38,payment,False,2023-09-15
1111,111,917.01,withdrawal,False,2025-09-30
1112,480,934.01,payment,False,2025-07-11
1113,436,379.37,payment,False,2025-06-22
1114,47,1996.34,payment,False,2023-05-07
1115,63,1768.36,payment,False,2024-02-04
1116,225,476.76,deposit,False,2025-09-30
1117,366,917.44,transfer,False,2025-09-30
1118,69,265.41,payment,False,2025-02-05
1119,299,1570.89,payment,False,2025-07-11
1120,432,304.31,withdrawal,False,2024-05-05
1121,290,2464.85,transfer,False,2025-04-16
1122,296,1951.92,payment,False,2025-09-30
1123,203,976.21,payment,False,2023-11-08
1124,61,1446.83,deposit,False,2022-09-07
1125,434,2278.44,withdrawal,False,2022-06-02
1126,451,1385.69,payment,False,2024-02-22
1127,318,437.07,withdrawal,False,2025-06-03
1128,314,947.38,payment,False,2022-08-14
1129,161,2108.02,payment,False,2023-11-05
1130,331,1610.89,payment,False,2023-01-31
1131,16,1627.16,deposit,False,2024-09-06
1132,338,2167.19,payment,False,2024-02-25
1133,94,2235.04,payment,False,2025-01-01
1134,304,2299.56,payment,False,2023-11-18
1135,138,238.03,deposit,False,2023-07-03
1136,338,1360.77,payment,False,2024-09-02
1137,38,1851.53,payment,False,2023-07-24
1138,127,1892.56,payment,False,2025-09-30
1139,275,1517.18,deposit,False,2025-07-25
1140,164,417.8,payment,False,2025-09-02
1141,443,1993.75,payment,False,2023-09-25
1142,319,1800.56,payment,False,2024-02-12
1143,77,216.25,deposit,False,2025-08-26
1144,174,1160.06,payment,False,2024-05-21
1145,387,435.77,withdrawal,False,2023-04-15
1146,458,844.36,deposit,False,2024-11-11
1147,358,46.18,transfer,False,2023-08-05
1148,321,1001.42,payment,False,2025-09-30
1149,376,1375.14,transfer,False,2024-02-20
1150,91,1549.34,payment,False,2025-09-30
1151,238,1659.06,payment,False,2025-01-10
1152,264,2090.89,deposit,False,2023-03-11
1153,179,539.44,payment,False,2025-07-26
1154,494,302.08,payment,False,2025-08-23
1155,490,2128.99,payment,False,2025-04-09
1156,209,392.38,withdrawal,False,2022-12-12
1157,73,2436.93,payment,False,2025-05-14
1158,390,2106.5,withdrawal,False,2025-09-30
1159,107,1252.69,deposit,False,2023-08-04
1160,345,2453.57,withdrawal,False,2025-09-30
1161,295,244.34,payment,False,2023-10-11
1162,369,758.36,transfer,False,2025-05-16
1163,444,1595.92,payment,False,2024-11-09
1164,284,875.67,payment,False,2023-06-08
1165,353,2321.0,payment,False,2023-05-30
1166,182,165.0,payment,False,2022-03-16
1167,37,1373.98,payment,False,2023-01-01
1168,137,1477.57,payment,False,2024-09-10
1169,338,1632.17,payment,False,2024-08-21
1170,56,639.91,payment,False,2024-05-22
1171,187,912.05,withdrawal,False,2024-06-19
1172,341,2109.36,deposit,False,2023-03-03
1173,258,488.16,deposit,False,2024-12-04
1174,445,2067.34,payment,False,2023-04-17
1175,58,1407.08,payment,False,2024-07-31
1176,363,1905.71,transfer,False,2023-02-25
1177,123,1784.3,payment,False,2025-09-30
1178,188,519.57,deposit,False,2024-09-18
1179,230,1422.46,payment,False,2025-09-30
1180,168,2169.44,transfer,False,2023-12-20
1181,420,1080.86,payment,False,2025-05-03
1182,114,2416.51,payment,False,2023-09-01
1183,252,1131.09,withdrawal,True,2025-09-30
1184,107,357.82,payment,False,2023-09-14
1185,37,974.2,payment,False,2022-10-28
1186,335,2379.3,payment,False,2023-12-08
1187,92,799.98,withdrawal,False,2024-03-12
1188,18,2170.38,payment,False,2025-03-03
1189,354,2203.25,payment,False,2024-03-27
1190,63,876.12,payment,False,2023-11-29
1191,150,209.06,payment,False,2023-08-29
1192,139,1811.67,withdrawal,False,2024-10-07
1193,186,779.47,payment,False,2025-09-04
1194,185,1957.53,payment,False,2025-05-07
1195,205,1107.19,payment,False,2024-03-20
1196,260,1213.68,payment,False,2024-10-16
1197,214,1945.0,payment,False,2025-06-29
1198,256,956.53,payment,False,2025-05-30
1199,135,1108.38,payment,False,2025-03-03
1200,61,941.1,transfer,False,2023-11-19
1201,363,918.98,payment,False,2024-11-07
1202,310,1315.34,withdrawal,False,2025-09-30
1203,88,2022.19,payment,False,2025-09-30
1204,324,905.06,payment,False,2024-08-12
1205,476,1311.11,payment,False,2025-09-30
1206,207,1677.15,payment,False,2025-09-30
1207,129,674.33,transfer,False,2025-09-30
1208,311,694.53,transfer,False,2025-08-05
1209,3,2333.6,deposit,False,2025-04-29
1210,462,1809.11,withdrawal,False,2023-03-20
1211,422,1443.39,payment,False,2025-05-10
1212,242,1619.65,payment,False,2024-08-25
1213,121,74.22,transfer,False,2024-04-30
1214,385,1545.64,withdrawal,False,2024-06-16
1215,102,1274.26,payment,False,2025-09-30
1216,38,1364.83,payment,False,2023-09-02
1217,341,899.2,payment,False,2023-10-09
1218,496,204.6,transfer,False,2025-09-30
1219,413,484.15,payment,False,2025-01-22
1220,133,2376.91,payment,False,2023-12-25
1221,497,1022.34,payment,True,2024-05-09
1222,202,1167.24,deposit,False,2025-03-21
1223,348,132.72,payment,False,2023-11-23
1224,21,94.88,deposit,False,2024-11-09
1225,242,1793.24,payment,False,2024-08-12
1226,455,1345.7,deposit,False,2023-10-06
1227,451,1272.26,withdrawal,False,2023-07-14
1228,109,608.57,payment,False,2023-10-12
1229,303,1862.13,payment,False,2025-05-13
1230,84,421.42,payment,False,2025-07-11
1231,83,475.65,payment,False,2025-04-12
1232,291,1152.32,deposit,False,2025-05-11
1233,452,716.41,payment,False,2024-09-18
1234,69,619.41,payment,True,2025-09-30
1235,129,1613.45,payment,False,2025-09-30
1236,196,1627.78,payment,False,2023-05-02
1237,140,2061.47,deposit,False,2024-03-26
1238,444,1044.85,payment,False,2025-09-30
1239,283,183.64,transfer,False,2024-01-09
1240,312,684.89,transfer,False,2025-08-07
1241,234,2450.03,payment,True,2025-09-30
1242,23,1491.05,payment,False,2024-03-11
1243,153,1774.63,deposit,False,2024-06-23
1244,277,19.39,payment,False,2025-09-30
1245,61,1296.0,payment,False,2022-09-23
1246,319,94.78,payment,True,2023-11-16
1247,378,1423.51,payment,False,2025-09-29
1248,52,2302.01,deposit,False,2024-04-13
1249,344,2421.08,payment,False,2025-03-06
1250,153,1351.84,payment,False,2024-06-27
1251,237,1146.05,transfer,False,2024-07-04
1252,311,2362.6,deposit,False,2025-09-30
1253,302,1684.35,payment,False,2023-04-08
1254,32,163.18,deposit,False,2024-03-31
1255,55,1164.85,payment,False,2025-08-31
1256,352,601.37,deposit,False,2022-08-04
1257,389,1175.04,payment,False,2023-05-09
1258,36,1139.21,payment,True,2024-02-28
1259,110,1455.78,withdrawal,False,2025-09-30
1260,490,892.57,payment,False,2025-09-30
1261,177,411.51,transfer,False,2025-09-30
1262,362,1259.79,payment,False,2025-08-11
1263,314,2075.68,transfer,False,2023-06-09
1264,295,1660.37,transfer,False,2024-02-04
1265,336,846.58,payment,False,2024-11-08
1266,97,2338.87,deposit,False,2023-06-01
1267,369,2280.61,payment,False,2025-09-30
1268,213,524.16,transfer,False,2025-09-30
1269,317,99.5,payment,False,2025-07-24
1270,137,1853.53,withdrawal,False,2023-12-21
1271,6,2069.2,payment,False,2023-12-07
1272,499,2419.69,payment,False,2025-09-30
1273,109,2224.7,payment,False,2025-04-25
1274,35,1501.74,payment,False,2025-09-30
1275,39,1325.6,deposit,False,2024-10-21
1276,150,70.57,withdrawal,False,2024-04-26
1277,425,617.39,withdrawal,False,2025-09-30
1278,118,1149.58,payment,False,2023-12-25
1279,261,1571.63,payment,False,2024-08-21
1280,426,1393.57,payment,False,2025-09-30
1281,87,1856.85,deposit,False,2025-09-30
1282,465,700.14,transfer,False,2025-09-30
1283,76,1412.82,payment,True,2025-04-11
1284,471,221.27,payment,False,2025-09-30
1285,464,1034.75,payment,False,2023-08-12
1286,451,1875.65,withdrawal,False,2024-10-22
1287,414,1733.81,withdrawal,False,2024-07-26
1288,313,2476.62,deposit,False,2025-09-30
1289,383,695.45,payment,False,2023-11-04
1290,214,1245.98,deposit,False,2023-11-20
1291,457,824.5,withdrawal,False,2025-08-05
1292,285,1102.07,payment,False,2023-01-02
1293,239,2142.52,payment,False,2025-02-18
1294,165,1710.84,payment,False,2023-08-12
1295,87,2206.22,payment,False,2025-09-30
1296,141,509.57,deposit,False,2024-09-30
1297,160,2183.53,payment,False,2025-05-30
1298,46,150.35,deposit,False,2025-09-30
1299,372,2221.61,payment,False,2024-02-12
1300,495,823.36,payment,False,2025-09-01
1301,112,787.15,payment,False,2025-09-23
1302,407,1280.71,payment,False,2024-12-15
1303,45,2351.78,payment,False,2025-09-30
1304,401,120.41,payment,False,2022-10-31
1305,247,881.23,payment,False,2023-06-13
1306,104,2141.57,payment,False,2023-04-01
1307,85,990.74,payment,False,2024-06-04
1308,450,498.69,payment,False,2025-09-30
1309,485,1062.56,payment,False,2023-08-16
1310,134,964.5,transfer,False,2025-05-26
1311,108,2288.63,payment,False,2025-07-19
1312,18,1905.07,deposit,False,2025-09-30
1313,94,1263.28,payment,False,2024-02-21
1314,150,2470.94,withdrawal,False,2024-10-30
1315,246,1163.73,payment,False,2024-08-08
1316,289,146.54,transfer,False,2025-09-30
1317,414,656.42,payment,False,2025-09-30
1318,209,1090.74,deposit,False,2023-12-25
1319,126,393.1,payment,False,2025-07-18
1320,235,2368.97,payment,False,2025-09-30
1321,416,1917.36,withdrawal,False,2025-05-02
1322,426,671.45,payment,False,2025-08-28
1323,499,1477.42,payment,False,2025-09-30
1324,462,1803.9,payment,False,2023-11-24
1325,122,2353.26,withdrawal,False,2025-08-01
1326,138,2204.21,transfer,False,2023-02-09
1327,495,1288.47,payment,False,2025-09-30
1328,115,1936.86,deposit,False,2025-09-30
1329,420,1405.8,payment,False,2025-06-10
1330,162,1382.21,payment,False,2024-11-22
1331,201,287.74,transfer,False,2024-08-14
1332,234,316.22,deposit,False,2025-04-23
1333,28,1324.3,deposit,False,2023-04-30
1334,11,672.89,payment,False,2025-09-30
1335,206,53.57,payment,False,2025-03-19
1336,167,1807.38,payment,False,2024-03-25
1337,247,82.18,payment,False,2022-07-17
1338,47,1488.6,payment,False,2024-01-03
1339,246,1348.45,deposit,False,2024-11-16
1340,127,2422.07,deposit,False,2025-09-30
1341,147,1211.05,payment,False,2024-10-07
1342,118,159.94,payment,False,2024-06-07
1343,399,1379.67,deposit,False,2024-07-07
1344,382,2102.9,payment,False,2025-09-30
1345,412,2492.13,withdrawal,False,2024-12-29
1346,152,1076.43,payment,False,2023-08-17
1347,72,801.43,payment,False,2024-05-15
1348,363,2266.73,transfer,False,2023-09-24
1349,137,478.91,payment,False,2023-07-06
1350,175,1538.96,payment,False,2025-09-30
1351,289,1014.88,payment,False,2025-09-30
1352,446,103.66,transfer,False,2025-09-30
1353,481,868.87,deposit,False,2025-09-30
1354,19,663.81,payment,False,2025-09-30
1355,195,1715.54,payment,False,2024-02-05
1356,330,2372.03,withdrawal,False,2025-09-30
1357,424,670.85,payment,False,2025-08-27
1358,175,2028.85,withdrawal,False,2024-06-27
1359,490,139.34,payment,False,2025-07-30
1360,449,1345.76,payment,False,2024-03-26
1361,413,177.3,withdrawal,False,2025-09-30
1362,434,2335.15,payment,False,2023-12-02
1363,354,1916.11,deposit,False,2024-07-10
1364,499,1645.22,payment,False,2025-09-30
1365,141,2059.92,payment,False,2025-03-21
1366,246,1619.15,transfer,False,2025-07-02
1367,385,2422.39,payment,False,2024-06-27
1368,418,1785.18,withdrawal,False,2025-01-31
1369,93,2311.72,payment,False,2024-12-04
1370,432,1293.31,withdrawal,False,2024-02-09
1371,239,293.54,withdrawal,False,2025-04-30
1372,205,1320.92,payment,False,2023-04-15
1373,48,318.06,deposit,False,2024-09-13
1374,433,1481.64,withdrawal,False,2025-06-20
1375,245,1206.75,payment,False,2024-09-13
1376,320,1556.82,payment,False,2025-09-28
1377,317,26.11,payment,False,2025-09-30
1378,413,487.91,payment,False,2025-09-30
1379,295,1228.83,payment,False,2023-02-24
1380,128,2376.31,payment,False,2025-09-30
1381,344,959.64,payment,False,2025-09-30
1382,282,1061.51,deposit,False,2023-08-25
1383,17,1787.03,payment,False,2024-11-19
1384,71,1509.88,transfer,False,2023-11-04
1385,269,748.02,payment,False,2024-05-22
1386,325,1027.63,payment,False,2024-10-05
1387,282,545.03,deposit,False,2023-03-24
1388,305,2415.09,payment,False,2025-09-30
1389,451,327.46,payment,False,2023-12-27
1390,7,930.22,payment,False,2025-09-01
1391,314,65.57,payment,False,2024-04-05
1392,305,555.23,payment,False,2025-09-30
1393,103,1951.4,transfer,False,2025-09-30
1394,309,503.74,payment,False,2024-05-27
1395,193,201.08,deposit,False,2025-08-07
1396,241,1186.66,withdrawal,False,2023-08-28
1397,62,25.91,payment,False,2024-04-18
1398,17,212.83,payment,False,2024-12-06
1399,171,2019.26,deposit,False,2023-06-28
1400,25,1928.91,deposit,False,2024-03-20
1401,251,2287.93,payment,False,2024-11-20
1402,253,2136.43,payment,False,2025-09-30
1403,387,1708.26,payment,False,2023-04-21
1404,207,131.78,payment,False,2025-08-01
1405,29,1957.34,payment,False,2025-09-30
1406,117,2113.93,deposit,False,2024-06-22
1407,491,1997.91,payment,False,2024-06-21
1408,416,1271.69,withdrawal,False,2024-04-24
1409,282,583.02,withdrawal,False,2025-01-22
1410,380,2113.48,payment,False,2024-07-15
1411,144,1818.18,payment,False,2023-05-04
1412,25,2451.92,withdrawal,False,2024-12-27
1413,310,390.08,deposit,False,2025-09-30
1414,156,564.94,withdrawal,False,2023-04-24
1415,73,530.28,payment,False,2024-11-20
1416,120,1981.56,payment,False,2024-12-14
1417,312,468.08,payment,False,2025-06-18
1418,321,167.58,payment,False,2025-09-30
1419,93,2496.4,deposit,False,2025-07-06
1420,86,63.02,payment,False,2025-09-30
1421,336,2088.27,deposit,False,2025-08-12
1422,425,914.05,payment,False,2025-04-11
1423,499,2104.2,withdrawal,False,2025-09-30
1424,364,1387.0,transfer,False,2024-10-29
1425,435,2254.18,payment,False,2024-07-01
1426,118,2315.56,transfer,False,2023-01-11
1427,233,23.74,payment,False,2024-06-22
1428,199,189.46,payment,False,2025-05-28
1429,206,626.65,deposit,False,2025-08-02
1430,413,1673.62,transfer,False,2025-09-30
1431,339,2220.79,payment,False,2024-01-03
1432,147,1150.39,payment,False,2023-09-07
1433,450,1517.83,withdrawal,False,2025-09-30
1434,425,472.06,deposit,False,2025-09-30
1435,429,2012.61,payment,False,2025-08-25
1436,271,2418.35,deposit,False,2025-07-20
1437,387,672.23,payment,False,2023-10-18
1438,139,1237.57,payment,False,2023-12-10
1439,181,216.2,payment,False,2025-01-23
1440,430,1398.28,payment,False,2025-01-15
1441,30,1257.46,transfer,False,2023-11-30
1442,57,361.95,payment,False,2023-04-18
1443,232,1105.72,transfer,False,2023-10-21
1444,146,835.93,payment,False,2024-01-12
1445,435,1305.06,withdrawal,False,2024-03-08
1446,384,1464.55,deposit,False,2025-09-30
1447,48,22.23,withdrawal,False,2025-04-22
1448,194,1902.75,withdrawal,False,2024-03-17
1449,224,1782.82,payment,False,2025-09-30
1450,136,916.35,deposit,False,2025-09-30
1451,22,133.29,deposit,False,2025-09-30
1452,6,1887.58,payment,False,2023-04-09
1453,204,2387.98,deposit,False,2025-09-30
1454,239,601.14,payment,True,2023-09-02
1455,185,809.49,payment,False,2025-07-15
1456,360,460.35,deposit,False,2025-05-25
1457,292,1442.76,payment,False,2025-09-30
1458,335,387.95,deposit,False,2023-09-21
1459,220,891.13,payment,False,2025-08-17
1460,116,1742.84,payment,False,2024-10-09
1461,313,1400.73,payment,False,2025-09-30
1462,49,966.77,payment,False,2024-08-14
1463,173,1051.2,deposit,False,2024-02-24
1464,82,1405.72,payment,False,2025-09-30
1465,322,15.66,payment,False,2025-05-27
1466,333,197.2,payment,False,2025-09-30
1467,45,2203.26,payment,False,2025-09-30
1468,335,195.62,deposit,False,2022-06-25
1469,20,1767.3,payment,False,2023-01-19
1470,448,2300.18,withdrawal,False,2025-09-30
1471,221,677.44,transfer,False,2025-09-30
1472,123,926.86,withdrawal,False,2025-09-30
1473,234,1422.73,deposit,False,2025-04-19
1474,221,2204.39,payment,False,2025-09-30
1475,323,2354.82,payment,False,2025-06-13
1476,339,1849.17,deposit,False,2024-07-04
1477,3,217.46,withdrawal,False,2025-05-21
1478,182,1673.22,withdrawal,False,2022-10-24
1479,206,1026.35,withdrawal,False,2025-08-04
1480,320,1177.28,payment,False,2024-08-28
1481,40,123.82,payment,False,2023-08-25
1482,59,478.46,deposit,False,2024-04-14
1483,439,1976.49,withdrawal,False,2022-12-24
1484,62,1135.44,payment,False,2023-11-14
1485,132,754.85,deposit,False,2024-09-24
1486,60,960.66,payment,False,2024-06-03
1487,372,2136.14,payment,False,2024-08-25
1488,331,1872.75,deposit,False,2023-11-02
1489,122,681.52,deposit,False,2024-12-23
1490,479,294.64,payment,False,2024-02-17
1491,107,630.74,payment,False,2022-05-24
1492,96,2301.97,payment,False,2024-07-11
1493,347,1454.39,withdrawal,False,2025-08-03
1494,414,1334.17,payment,False,2025-09-30
1495,235,1491.39,deposit,False,2025-09-30
1496,386,915.7,transfer,False,2023-08-17
1497,62,2017.96,deposit,False,2024-02-13
1498,256,1308.69,payment,False,2025-09-30
1499,49,292.75,deposit,False,2024-02-03
1500,393,323.53,payment,False,2023-12-29
1501,348,1342.61,payment,False,2023-02-20
1502,159,2341.49,payment,False,2022-07-14
1503,124,771.57,payment,False,2025-09-30
1504,482,2173.98,transfer,False,2023-03-13
1505,317,1910.47,payment,False,2025-09-30
1506,207,620.28,payment,False,2025-01-11
1507,48,91.82,transfer,False,2024-01-04
1508,409,255.52,payment,False,2025-09-30
1509,420,1821.51,deposit,False,2025-06-15
1510,136,499.97,payment,False,2025-09-30
1511,201,928.81,payment,False,2025-04-19
1512,250,1254.75,transfer,False,2024-02-21
1513,314,1813.94,payment,False,2023-12-21
1514,357,283.96,payment,False,2025-09-30
1515,368,1016.51,payment,False,2025-03-19
1516,429,1213.2,payment,False,2023-12-19
1517,318,1352.53,payment,False,2023-11-01
1518,295,2046.08,payment,False,2023-02-23
1519,480,430.02,payment,False,2025-09-30
1520,314,2019.77,deposit,False,2022-05-24
1521,500,1732.5,payment,False,2024-06-26
1522,209,1390.12,payment,False,2023-09-27
1523,355,1749.12,payment,False,2023-11-26
1524,485,1030.63,transfer,False,2023-04-18
1525,211,346.86,transfer,False,2025-09-22
1526,192,1664.75,withdrawal,False,2024-10-09
1527,44,1312.16,deposit,False,2025-09-30
1528,29,1598.8,payment,False,2025-06-30
1529,59,845.66,payment,False,2024-12-14
1530,71,2267.26,withdrawal,False,2023-10-21
1531,92,1468.84,withdrawal,False,2024-10-18
1532,265,214.42,payment,False,2023-07-16
1533,383,1125.06,payment,False,2022-09-11
1534,220,1891.13,transfer,False,2025-09-30
1535,390,1985.54,deposit,False,2025-08-17
1536,413,1237.0,payment,False,2025-01-17
1537,442,2236.97,withdrawal,False,2025-09-30
1538,401,669.9,payment,False,2024-02-01
1539,400,1027.09,payment,False,2023-09-06
1540,215,2246.59,payment,False,2024-12-17
1541,479,2240.75,payment,False,2025-01-24
1542,387,1714.6,payment,False,2022-10-02
1543,277,2147.59,deposit,False,2024-09-25
1544,64,222.84,payment,False,2025-03-09
1545,346,2162.62,payment,False,2024-01-14
1546,292,802.23,payment,False,2025-09-30
1547,490,446.65,payment,False,2025-06-14
1548,485,599.19,deposit,False,2024-03-30
1549,245,1045.5,withdrawal,False,2024-02-28
1550,470,628.73,transfer,False,2025-09-30
1551,62,802.1,transfer,True,2024-09-09
1552,426,338.31,payment,False,2025-09-30
1553,332,741.15,payment,False,2024-11-12
1554,170,1431.14,deposit,False,2022-11-01
1555,445,1105.19,transfer,False,2023-10-04
1556,269,867.45,withdrawal,False,2023-05-22
1557,267,1866.38,deposit,False,2024-01-28
1558,54,2233.88,deposit,False,2024-12-27
1559,16,1892.22,payment,False,2025-01-19
1560,8,830.67,payment,False,2024-09-15
1561,104,1861.36,deposit,False,2023-12-12
1562,59,380.8,withdrawal,False,2024-02-29
1563,313,326.66,payment,False,2025-09-30
1564,40,864.72,payment,False,2023-07-23
1565,237,2019.45,payment,False,2023-11-25
1566,443,616.62,payment,False,2023-07-11
1567,386,159.07,transfer,False,2023-06-27
1568,94,330.14,payment,False,2024-03-04
1569,222,2147.0,payment,False,2024-11-21
1570,204,1584.82,payment,False,2025-09-30
1571,138,633.75,withdrawal,False,2024-02-01
1572,300,1388.68,payment,False,2025-02-28
1573,395,1319.42,payment,False,2023-10-07
1574,207,1638.93,payment,False,2025-09-30
1575,336,583.74,payment,False,2025-09-30
1576,81,2161.14,payment,False,2025-09-30
1577,218,774.11,payment,False,2025-09-30
1578,2,1735.64,transfer,False,2024-01-07
1579,178,41.3,payment,False,2025-08-22
1580,396,932.27,payment,False,2025-09-30
1581,371,879.92,withdrawal,False,2025-09-30
1582,346,1359.17,payment,False,2025-07-20
1583,279,182.77,withdrawal,False,2025-08-22
1584,146,1975.54,payment,False,2023-12-31
1585,318,545.23,payment,False,2025-05-19
1586,224,1692.92,deposit,False,2024-11-30
1587,369,2008.23,transfer,False,2025-09-03
1588,384,1405.13,payment,False,2025-05-16
1589,62,1852.47,payment,False,2025-03-28
1590,294,1654.99,payment,False,2022-10-04
1591,239,889.47,transfer,False,2024-09-26
1592,195,2022.34,transfer,False,2024-05-10
1593,166,737.46,payment,False,2024-10-30
1594,451,1428.46,payment,False,2023-12-21
1595,222,1863.75,payment,False,2024-12-06
1596,61,948.01,payment,False,2022-12-28
1597,129,757.62,payment,False,2025-07-07
1598,478,1148.91,payment,False,2024-01-18
1599,173,2045.09,withdrawal,False,2023-12-28
1600,480,2324.87,transfer,False,2025-09-30
1601,156,1363.16,transfer,False,2023-10-25
1602,405,1654.0,payment,False,2025-09-30
1603,378,2258.28,payment,False,2025-09-30
1604,110,247.27,deposit,False,2025-09-30
1605,269,580.96,payment,False,2024-01-11
1606,411,1772.54,withdrawal,False,2025-04-23
1607,356,2059.54,payment,False,2025-09-30
1608,391,2142.72,payment,False,2024-09-06
1609,278,1038.35,payment,False,2025-09-30
1610,74,224.26,payment,False,2022-04-05
1611,487,1095.02,withdrawal,False,2023-09-12
1612,437,577.61,payment,False,2024-09-12
1613,463,728.7,payment,False,2023-07-11
1614,207,1930.9,payment,False,2025-09-30
1615,388,189.74,deposit,False,2025-09-30
1616,480,2069.13,payment,False,2025-09-30
1617,279,1069.75,payment,False,2025-09-30
1618,375,1490.56,payment,False,2024-02-14
1619,326,225.04,payment,False,2025-09-30
1620,472,844.06,payment,False,2023-10-08
1621,340,225.16,withdrawal,False,2023-08-01
1622,357,2403.9,payment,False,2025-09-30
1623,340,2018.35,payment,False,2023-06-09
1624,204,1149.62,withdrawal,False,2025-09-14
1625,161,559.78,payment,False,2023-12-03
1626,28,2333.7,payment,False,2023-05-14
1627,392,862.15,payment,False,2024-07-24
1628,257,403.3,payment,False,2024-07-11
1629,165,1408.35,withdrawal,False,2022-11-22
1630,63,2359.49,withdrawal,False,2025-02-28
1631,22,10.57,withdrawal,False,2025-09-30
1632,70,596.07,withdrawal,False,2022-11-15
1633,381,2346.18,payment,False,2025-09-30
1634,405,428.54,payment,False,2025-09-30
1635,96,284.0,payment,False,2022-10-03
1636,163,1425.9,payment,False,2025-07-22
1637,79,2154.75,transfer,False,2025-09-30
1638,5,1193.3,deposit,False,2023-09-13
1639,316,2486.42,payment,False,2025-06-15
1640,120,1698.25,payment,False,2024-05-18
1641,302,186.11,payment,False,2024-11-27
1642,178,2482.09,payment,False,2025-09-30
1643,176,1020.33,payment,False,2023-08-13
1644,390,719.22,payment,False,2025-06-23
1645,217,1395.14,deposit,False,2025-09-30
1646,56,761.46,withdrawal,False,2022-10-20
1647,366,217.06,payment,False,2025-04-12
1648,187,4.57,payment,False,2024-10-01
1649,232,1124.51,payment,False,2024-02-25
1650,255,2092.32,deposit,False,2024-12-31
1651,413,1431.22,deposit,False,2025-08-06
1652,455,2498.02,transfer,False,2023-08-08
1653,104,717.83,payment,False,2023-10-24
1654,77,701.86,withdrawal,False,2025-09-30
1655,230,400.21,payment,False,2025-09-30
1656,402,410.99,payment,False,2025-09-30
1657,258,713.68,payment,False,2025-09-17
1658,264,1982.31,payment,False,2023-11-01
1659,331,2264.49,withdrawal,False,2024-07-04
1660,481,2437.74,payment,False,2025-09-30
1661,182,581.49,payment,False,2022-06-30
1662,381,2203.36,payment,False,2025-09-30
1663,256,821.31,payment,False,2025-04-09
1664,38,282.99,payment,False,2024-10-08
1665,176,2175.19,payment,False,2023-01-06
1666,27,1590.63,payment,False,2024-06-06
1667,276,412.66,payment,False,2023-03-11
1668,140,1075.15,transfer,False,2023-11-09
1669,299,718.86,payment,False,2025-09-30
1670,445,1842.25,payment,False,2024-10-04
1671,287,1134.09,payment,False,2025-09-30
1672,91,2473.21,deposit,False,2024-10-01
1673,480,137.81,withdrawal,False,2025-07-01
1674,61,888.18,payment,False,2024-03-15
1675,458,1205.27,payment,False,2023-05-03
1676,451,1258.33,withdrawal,False,2024-02-14
1677,365,790.52,withdrawal,False,2024-08-12
1678,347,1823.37,withdrawal,False,2024-03-12
1679,163,2186.99,deposit,False,2025-09-30
1680,351,2346.86,deposit,False,2024-01-16
1681,143,2012.93,payment,False,2024-01-22
1682,400,2126.6,payment,False,2023-03-02
1683,253,1376.81,withdrawal,False,2025-09-30
1684,269,2064.89,deposit,False,2023-01-31
1685,369,759.46,payment,False,2025-01-17
1686,291,996.8,transfer,False,2024-10-17
1687,500,792.97,payment,False,2024-01-01
1688,459,1169.0,payment,False,2022-02-09
1689,187,714.66,deposit,False,2024-11-06
1690,405,2404.07,payment,False,2025-09-30
1691,499,782.8,payment,False,2025-09-30
1692,438,246.01,payment,False,2024-06-11
1693,459,1317.52,payment,False,2023-04-02
1694,414,143.69,payment,False,2025-02-26
1695,304,277.25,payment,False,2022-03-16
1696,291,549.25,payment,False,2024-05-26
1697,86,1161.41,transfer,False,2025-01-07
1698,166,1083.69,transfer,False,2024-01-07
1699,415,1999.43,payment,False,2023-04-12
1700,462,1848.95,withdrawal,False,2022-11-30
1701,408,1066.37,payment,False,2024-01-25
1702,114,834.93,payment,False,2024-06-27
1703,433,791.86,payment,False,2025-09-30
1704,480,1935.21,transfer,False,2025-09-30
1705,356,131.13,transfer,False,2025-06-24
1706,416,33.04,payment,False,2025-09-09
1707,183,1989.07,payment,False,2025-09-30
1708,207,1193.39,payment,False,2024-12-14
1709,256,328.07,payment,True,2025-09-30
1710,235,589.68,payment,False,2025-09-22
1711,442,2331.33,payment,False,2025-09-30
1712,355,2148.9,deposit,False,2022-12-07
1713,3,1774.75,payment,False,2025-09-30
1714,208,1206.08,transfer,False,2025-09-30
1715,197,1301.29,withdrawal,False,2023-01-28
1716,341,2438.14,payment,False,2024-02-03
1717,125,2414.46,deposit,False,2025-09-30
1718,138,538.96,deposit,False,2023-08-16
1719,339,2027.95,payment,False,2024-11-23
1720,25,493.91,payment,False,2025-01-21
1721,68,534.63,transfer,False,2024-10-22
1722,61,1690.56,payment,False,2023-05-16
1723,29,1013.1,payment,False,2025-08-18
1724,383,2328.93,payment,False,2024-01-11
1725,19,223.44,deposit,False,2025-09-30
1726,171,1279.3,deposit,False,2023-10-04
1727,450,2296.39,transfer,False,2025-09-30
1728,74,2260.38,payment,False,2023-11-24
1729,61,392.17,payment,False,2022-10-31
1730,427,917.23,payment,False,2023-12-06
1731,153,1548.18,deposit,False,2023-10-07
1732,276,399.33,payment,False,2024-03-27
1733,48,2420.09,payment,False,2024-06-27
1734,211,2286.96,payment,False,2025-09-30
1735,343,418.21,payment,False,2023-10-04
1736,408,303.77,deposit,False,2024-05-03
1737,139,214.44,withdrawal,False,2025-02-08
1738,110,2273.7,transfer,False,2025-09-30
1739,482,484.87,payment,False,2023-07-16
1740,183,1041.3,transfer,False,2025-09-30
1741,28,1122.68,deposit,False,2022-11-21
1742,197,1497.93,payment,False,2024-01-18
1743,191,180.27,transfer,False,2024-08-23
1744,315,567.67,payment,False,2024-12-13
1745,389,2328.79,deposit,True,2023-06-18
1746,51,2271.12,deposit,False,2025-09-30
1747,149,1953.45,deposit,False,2023-09-08
1748,268,49.48,payment,False,2024-01-19
1749,50,818.19,payment,False,2025-09-30
1750,388,1570.27,payment,False,2025-06-09
1751,246,688.7,payment,False,2025-06-06
1752,113,2274.06,deposit,False,2025-09-30
1753,170,1585.09,deposit,False,2023-09-28
1754,468,180.69,transfer,False,2025-09-30
1755,166,2272.6,payment,False,2023-10-29
1756,409,2394.46,deposit,False,2025-09-20
1757,14,195.2,transfer,False,2025-04-05
1758,203,1331.37,deposit,False,2023-01-16
1759,288,759.11,payment,False,2022-10-01
1760,395,982.7,payment,False,2025-04-12
1761,189,449.95,payment,False,2025-09-30
1762,402,1445.6,withdrawal,False,2025-08-21
1763,155,2394.99,withdrawal,False,2025-09-30
1764,55,1258.18,transfer,False,2025-09-30
1765,182,208.2,payment,False,2022-07-27
1766,210,1550.38,payment,True,2023-07-12
1767,376,851.22,withdrawal,False,2023-07-14
1768,471,2139.96,deposit,False,2025-04-23
1769,75,1087.26,transfer,False,2025-07-09
1770,277,482.91,deposit,False,2025-03-08
1771,428,478.57,payment,False,2023-09-29
1772,133,1922.14,withdrawal,False,2023-09-21
1773,343,664.7,deposit,False,2023-12-04
1774,425,1918.32,payment,False,2025-02-06
1775,59,515.51,payment,False,2024-03-01
1776,345,804.89,payment,False,2025-09-30
1777,489,1164.25,payment,False,2022-10-05
1778,182,2358.05,withdrawal,False,2023-06-22
1779,458,2329.4,payment,False,2023-07-21
1780,406,517.97,payment,False,2023-04-13
1781,339,896.19,payment,False,2024-06-16
1782,321,374.35,payment,False,2025-09-30
1783,64,1275.45,payment,False,2024-11-07
1784,327,1152.0,withdrawal,False,2024-10-10
1785,260,2252.0,payment,False,2023-12-31
1786,193,2325.08,payment,True,2024-07-13
1787,143,959.53,payment,False,2024-03-26
1788,104,1229.85,payment,False,2023-05-30
1789,460,2240.69,payment,False,2024-03-22
1790,406,2016.96,payment,False,2023-05-04
1791,214,10.14,deposit,False,2024-01-26
1792,242,800.83,withdrawal,False,2025-09-30
1793,431,1055.01,payment,False,2025-05-25
1794,209,575.06,payment,False,2023-02-01
1795,93,499.73,transfer,False,2025-09-18
1796,430,95.42,withdrawal,False,2024-05-16
1797,142,1608.78,payment,False,2023-07-05
1798,434,657.01,withdrawal,False,2023-08-02
1799,404,131.82,deposit,False,2023-04-05
1800,434,578.22,deposit,False,2023-04-17
1801,112,2004.98,payment,False,2025-04-06
1802,417,2128.87,payment,False,2025-09-30
1803,375,1208.18,payment,False,2023-11-23
1804,59,1040.76,transfer,False,2025-01-05
1805,43,2444.66,withdrawal,False,2022-09-20
1806,207,502.21,payment,False,2025-09-25
1807,268,539.18,transfer,False,2024-02-19
1808,296,730.38,transfer,False,2025-08-06
1809,118,432.72,transfer,False,2023-07-09
1810,20,949.03,deposit,False,2023-10-20
1811,222,2277.17,transfer,False,2024-12-06
1812,166,1538.75,payment,False,2024-01-29
1813,131,1030.45,deposit,False,2024-08-13
1814,156,2336.09,deposit,False,2022-05-17
1815,184,122.11,payment,False,2025-02-16
1816,90,526.48,payment,False,2025-06-08
1817,94,1415.16,transfer,False,2023-08-29
1818,13,1539.27,payment,False,2025-09-30
1819,461,99.85,deposit,False,2024-09-11
1820,322,1008.19,payment,False,2025-08-19
1821,293,1623.24,payment,False,2025-01-22
1822,433,1745.48,payment,False,2025-09-30
1823,230,1595.71,payment,False,2025-09-30
1824,322,802.09,withdrawal,False,2025-09-30
1825,292,234.71,payment,False,2025-02-04
1826,438,1068.35,payment,False,2024-05-24
1827,26,322.76,payment,False,2025-07-30
1828,75,2369.11,payment,False,2025-05-18
1829,456,1188.45,payment,False,2024-06-14
1830,364,793.83,deposit,False,2024-08-01
1831,424,1915.99,payment,False,2025-09-30
1832,299,1245.37,payment,False,2025-09-30
1833,150,775.78,payment,False,2023-05-24
1834,148,2030.11,payment,False,2023-10-06
1835,8,2168.01,payment,False,2023-08-11
1836,29,1682.85,payment,False,2025-09-30
1837,296,118.36,deposit,False,2025-09-30
1838,474,1416.24,transfer,False,2025-02-12
1839,414,1908.47,deposit,False,2025-04-30
1840,209,342.12,payment,False,2023-08-03
1841,128,572.45,payment,False,2025-09-30
1842,340,2206.36,payment,False,2023-11-30
1843,116,51.28,withdrawal,False,2025-02-24
1844,439,1882.07,transfer,False,2024-01-20
1845,144,1184.96,payment,False,2023-03-20
1846,430,1117.48,payment,False,2025-02-17
1847,318,18.73,withdrawal,False,2023-08-28
1848,235,2048.68,deposit,False,2025-09-30
1849,7,900.2,deposit,False,2025-03-26
1850,464,1352.37,withdrawal,False,2023-03-06
1851,45,1693.57,transfer,False,2025-09-30
1852,443,1756.87,payment,False,2022-08-19
1853,239,2389.99,transfer,False,2024-09-19
1854,440,1328.82,transfer,False,2025-01-08
1855,432,999.9,deposit,False,2024-10-27
1856,155,2384.31,payment,False,2024-04-04
1857,181,1605.63,payment,False,2025-04-07
1858,215,746.08,payment,False,2024-01-31
1859,88,317.03,payment,False,2025-09-18
1860,256,2106.54,deposit,False,2025-05-08
1861,73,906.09,payment,False,2023-10-25
1862,419,1651.51,payment,False,2024-09-13
1863,179,1177.57,deposit,False,2024-08-27
1864,212,498.13,payment,False,2022-07-21
1865,293,1504.61,payment,False,2025-09-21
1866,234,152.65,payment,False,2025-09-30
1867,465,1033.94,withdrawal,False,2025-09-30
1868,239,1366.99,payment,False,2024-08-13
1869,223,1090.68,deposit,False,2022-10-31
1870,119,1871.93,payment,False,2025-06-04
1871,313,2069.98,transfer,False,2025-09-09
1872,264,1928.34,payment,False,2023-08-18
1873,207,97.99,payment,False,2025-09-30
1874,95,486.13,payment,False,2024-05-23
1875,373,1341.98,payment,False,2025-02-17
1876,222,2337.12,payment,False,2024-06-26
1877,366,2087.56,payment,False,2025-02-16
1878,276,2106.49,payment,False,2022-10-11
1879,380,758.72,payment,True,2025-06-22
1880,231,1074.19,payment,False,2025-08-04
1881,309,1177.29,payment,False,2024-11-04
1882,119,394.27,deposit,False,2025-09-30
1883,268,78.64,transfer,False,2023-05-17
1884,433,2367.31,payment,False,2025-07-31
1885,273,602.54,payment,False,2024-12-26
1886,64,600.63,transfer,False,2025-08-06
1887,298,209.36,payment,False,2024-12-01
1888,350,2321.34,transfer,False,2025-09-30
1889,413,1449.76,payment,False,2025-09-30
1890,403,1667.93,deposit,False,2025-09-30
1891,494,2279.03,payment,False,2024-12-18
1892,11,864.7,transfer,False,2024-08-31
1893,98,1554.15,payment,False,2024-04-29
1894,434,97.96,withdrawal,False,2023-03-21
1895,71,467.74,payment,False,2022-06-25
1896,364,2078.28,payment,False,2025-09-30
1897,58,1917.15,deposit,False,2025-02-11
1898,290,877.26,payment,False,2025-09-30
1899,251,942.65,transfer,False,2023-06-07
1900,276,1334.35,payment,False,2022-11-10
1901,50,1.6,deposit,False,2024-10-17
1902,358,603.87,payment,False,2022-07-13
1903,216,521.37,transfer,False,2025-03-06
1904,394,626.96,transfer,False,2025-05-29
1905,416,2014.96,payment,False,2025-06-30
1906,52,699.9,deposit,False,2023-04-26
1907,271,479.61,deposit,False,2024-10-26
1908,485,1261.15,payment,False,2024-01-20
1909,84,2164.25,withdrawal,False,2025-08-03
1910,387,604.13,payment,False,2023-03-17
1911,293,197.26,deposit,False,2025-09-30
1912,126,891.66,payment,False,2024-11-08
1913,296,1869.38,payment,False,2025-09-30
1914,72,1377.18,payment,False,2024-08-28
1915,296,2042.17,payment,False,2025-09-30
1916,236,2399.02,deposit,False,2025-09-30
1917,56,1981.86,transfer,False,2023-04-12
1918,407,1509.9,payment,False,2024-12-26
1919,360,1233.86,payment,False,2025-09-30
1920,395,101.13,withdrawal,False,2024-06-20
1921,110,2460.82,payment,False,2025-09-30
1922,192,959.32,payment,False,2024-09-01
1923,392,381.42,payment,False,2025-04-20
1924,93,1667.11,payment,False,2024-11-24
1925,350,711.44,payment,False,2024-12-26
1926,56,1464.86,deposit,False,2024-06-22
1927,60,1467.33,payment,False,2023-11-24
1928,138,1114.88,deposit,False,2024-04-22
1929,39,2090.46,payment,False,2025-01-27
1930,28,663.15,payment,False,2022-08-01
1931,49,1122.13,deposit,False,2023-03-11
1932,420,1344.69,payment,False,2025-09-30
1933,125,1659.4,payment,False,2025-09-30
1934,13,1960.15,withdrawal,False,2025-09-30
1935,480,987.62,payment,False,2025-09-30
1936,36,1615.47,deposit,False,2024-12-31
1937,101,377.38,payment,False,2025-09-30
1938,282,2331.69,withdrawal,False,2024-01-31
1939,86,958.26,payment,False,2025-02-01
1940,4,1824.07,payment,False,2024-08-19
1941,223,51.83,transfer,False,2022-10-12
1942,338,513.76,deposit,False,2025-05-03
1943,448,1218.22,payment,False,2025-01-08
1944,166,2195.75,payment,False,2024-02-22
1945,383,1318.61,payment,False,2023-10-24
1946,344,2324.75,withdrawal,False,2025-05-25
1947,383,1210.01,deposit,False,2023-08-06
1948,376,1226.63,withdrawal,False,2023-09-02
1949,471,300.25,payment,False,2025-08-17
1950,278,2006.84,deposit,False,2025-09-30
1951,130,618.17,payment,False,2025-09-30
1952,31,2249.13,payment,False,2022-10-15
1953,375,2277.15,payment,False,2023-03-08
1954,11,2358.33,transfer,False,2024-11-10
1955,476,1301.06,deposit,False,2025-09-30
1956,302,1693.06,payment,False,2023-10-06
1957,96,1946.51,withdrawal,False,2023-03-27
1958,190,328.41,transfer,False,2024-08-07
1959,453,1502.79,payment,False,2025-09-30
1960,192,86.71,payment,False,2023-05-12
1961,486,1244.42,transfer,False,2024-07-29
1962,266,387.95,deposit,False,2025-09-30
1963,424,458.12,payment,False,2025-09-30
1964,128,913.25,payment,False,2025-09-30
1965,238,1081.66,payment,False,2024-06-23
1966,408,1558.31,payment,False,2024-09-05
1967,355,187.0,transfer,False,2022-09-22
1968,428,1259.73,payment,False,2023-06-26
1969,112,457.38,deposit,False,2025-08-06
1970,316,1435.36,payment,False,2025-01-05
1971,446,1593.87,payment,False,2025-09-30
1972,343,1392.22,payment,False,2022-06-08
1973,145,1846.0,deposit,False,2024-11-09
1974,65,839.69,payment,False,2025-09-30
1975,247,1913.0,withdrawal,False,2023-03-10
1976,223,1082.48,payment,False,2023-05-26
1977,479,1210.98,payment,False,2024-08-24
1978,490,1620.61,payment,False,2025-09-30
1979,313,46.88,payment,False,2025-07-27
1980,439,1635.33,withdrawal,False,2023-05-01
1981,106,1546.84,payment,False,2023-06-13
1982,181,775.31,withdrawal,False,2025-09-30
1983,184,215.4,payment,False,2024-07-08
1984,226,228.25,payment,False,2024-10-21
1985,265,2308.14,payment,False,2024-01-31
1986,278,1723.51,payment,False,2025-09-30
1987,397,318.63,deposit,False,2024-04-12
1988,89,892.45,withdrawal,False,2024-06-12
1989,176,1481.62,payment,False,2022-09-16
1990,18,2089.09,payment,False,2025-04-18
1991,371,110.11,deposit,False,2025-03-27
1992,460,592.35,withdrawal,False,2025-09-30
1993,424,2224.48,withdrawal,False,2025-09-30
1994,401,23.9,payment,False,2023-07-05
1995,399,504.3,payment,False,2024-10-20
1996,106,2397.6,transfer,False,2023-10-26
1997,271,1533.89,deposit,False,2025-07-07
1998,463,654.92,payment,False,2022-06-27
1999,319,168.41,deposit,False,2023-09-21
2000,167,71.45,deposit,False,2024-12-03
2001,13,612.62,payment,False,2025-09-30
2002,337,2203.83,payment,False,2022-12-29
2003,32,1040.37,payment,False,2023-07-02
2004,393,1801.11,payment,False,2024-03-22
2005,40,2295.79,withdrawal,False,2022-12-18
2006,148,1020.69,payment,False,2022-12-25
2007,218,479.0,deposit,False,2025-09-30
2008,219,1293.28,transfer,False,2024-08-21
2009,469,2270.3,payment,False,2022-10-06
2010,82,2011.13,payment,False,2025-03-09
2011,333,165.51,deposit,False,2025-09-30
2012,208,1731.74,deposit,False,2025-09-30
2013,201,1430.17,deposit,False,2024-08-30
2014,447,2268.75,payment,False,2024-10-25
2015,332,307.08,payment,False,2023-12-20
2016,428,1335.56,payment,False,2024-04-25
2017,38,2198.78,transfer,False,2023-11-04
2018,211,1025.65,payment,False,2025-09-30
2019,444,1205.51,transfer,False,2025-01-29
2020,327,177.08,payment,False,2024-05-16
2021,249,696.08,transfer,False,2024-01-31
2022,227,811.94,withdrawal,False,2025-09-30
2023,48,2362.86,payment,False,2025-02-25
2024,18,707.39,withdrawal,False,2024-05-27
2025,400,1152.71,payment,False,2022-09-19
2026,439,1678.59,payment,False,2024-02-18
2027,295,406.3,payment,False,2023-10-22
2028,196,1216.62,payment,False,2024-03-14
2029,187,1846.61,payment,False,2024-05-11
2030,345,2167.27,deposit,False,2025-09-30
2031,224,1566.02,withdrawal,False,2025-06-02
2032,318,1672.96,payment,False,2024-03-25
2033,488,316.58,deposit,False,2025-09-30
2034,397,2364.5,withdrawal,False,2023-09-24
2035,365,332.3,transfer,False,2023-09-03
2036,337,1936.91,withdrawal,False,2022-09-14
2037,497,662.78,payment,False,2024-05-24
2038,229,2334.05,payment,False,2023-08-03
2039,390,1800.18,withdrawal,False,2025-09-30
2040,467,1884.78,payment,False,2024-08-12
2041,77,548.43,payment,False,2025-09-30
2042,188,1108.16,payment,False,2023-11-05
2043,346,1544.92,payment,False,2025-07-01
2044,270,1925.16,payment,False,2025-09-30
2045,95,260.79,payment,False,2024-02-11
2046,310,2405.95,payment,False,2025-09-30
2047,132,2225.66,withdrawal,False,2024-02-26
2048,39,676.6,payment,False,2024-12-19
2049,72,2057.08,payment,False,2024-05-29
2050,281,1296.29,payment,False,2025-04-20
2051,333,1155.05,payment,False,2025-09-09
2052,160,786.77,payment,False,2025-09-30
2053,187,1452.84,payment,False,2024-06-30
2054,486,1824.99,payment,False,2024-03-12
2055,191,1027.92,withdrawal,False,2024-03-30
2056,422,1573.42,payment,False,2025-09-30
2057,120,1748.58,payment,False,2025-08-11
2058,220,1778.09,payment,False,2025-09-30
2059,53,130.86,withdrawal,False,2025-04-19
2060,222,2149.51,deposit,False,2024-01-16
2061,451,1146.18,deposit,False,2024-04-02
2062,412,656.78,payment,False,2024-05-20
2063,131,605.17,payment,False,2024-06-07
2064,237,1208.05,payment,False,2024-11-11
2065,246,2217.19,deposit,False,2024-07-20
2066,226,946.49,payment,True,2025-02-08
2067,208,1874.56,transfer,False,2025-09-30
2068,406,242.95,withdrawal,True,2023-07-14
2069,96,1190.67,withdrawal,False,2024-03-24
2070,422,2479.22,payment,False,2025-06-25
2071,200,1926.32,withdrawal,False,2024-10-10
2072,247,527.11,payment,False,2023-03-16
2073,72,1254.1,payment,False,2025-07-05
2074,318,584.83,payment,False,2024-10-23
2075,185,1024.49,deposit,False,2025-09-30
2076,6,1950.43,payment,False,2024-08-08
2077,206,1928.29,payment,False,2025-08-30
2078,32,571.02,payment,False,2023-07-12
2079,99,2305.64,withdrawal,False,2025-06-19
2080,394,1481.83,withdrawal,False,2025-01-06
2081,387,950.43,withdrawal,False,2023-08-24
2082,256,1255.34,payment,True,2025-09-30
2083,187,1513.07,payment,False,2025-03-01
2084,76,1400.17,payment,False,2025-02-18
2085,177,1216.53,payment,False,2025-09-30
2086,315,1262.83,transfer,False,2023-05-15
2087,287,441.85,payment,False,2025-09-30
2088,349,2032.02,payment,False,2023-03-14
2089,255,1354.86,payment,False,2024-05-14
2090,325,328.57,deposit,False,2024-12-14
2091,190,1915.63,payment,False,2025-09-30
2092,308,2331.18,payment,False,2025-06-05
2093,345,2368.32,withdrawal,False,2025-01-30
2094,127,923.18,payment,False,2025-08-23
2095,425,339.66,deposit,False,2025-04-14
2096,287,1296.48,payment,False,2025-09-30
2097,254,282.41,deposit,False,2024-01-30
2098,213,2335.03,payment,False,2025-09-30
2099,250,459.77,payment,False,2023-04-27
2100,84,632.66,deposit,False,2025-09-30
2101,487,1017.18,payment,False,2024-01-14
2102,383,958.53,payment,False,2024-03-15
2103,406,1986.86,payment,False,2023-02-03
2104,388,1141.34,withdrawal,False,2025-09-30
2105,13,427.75,payment,False,2025-09-03
2106,45,668.76,transfer,False,2025-06-14
2107,127,1273.27,transfer,False,2025-09-30
2108,426,369.49,withdrawal,False,2025-06-25
2109,114,1529.53,payment,False,2023-05-18
2110,433,1414.8,payment,False,2025-05-13
2111,276,1787.04,withdrawal,False,2022-10-06
2112,500,2344.32,payment,False,2023-12-08
2113,205,2280.72,payment,False,2024-10-30
2114,337,2365.24,payment,False,2023-04-20
2115,438,612.54,payment,False,2023-02-22
2116,420,329.78,payment,False,2024-08-22
2117,481,756.39,payment,False,2025-09-30
2118,385,2237.82,deposit,False,2023-12-03
2119,399,2430.16,payment,False,2023-09-07
2120,461,2148.45,payment,False,2024-07-16
2121,273,275.93,payment,False,2025-02-25
2122,408,2368.62,payment,False,2023-11-19
2123,58,1058.97,payment,False,2025-01-28
2124,328,24.27,withdrawal,False,2023-08-27
2125,498,1106.54,transfer,False,2025-08-22
2126,219,116.13,payment,False,2023-04-04
2127,109,1360.15,payment,False,2024-10-29
2128,279,847.05,payment,False,2025-09-30
2129,174,1184.11,transfer,False,2025-09-30
2130,328,1533.31,deposit,False,2023-04-23
2131,264,2172.13,deposit,False,2024-03-19
2132,315,1655.09,payment,False,2023-11-13
2133,474,1085.69,transfer,False,2025-03-23
2134,111,2048.75,payment,False,2025-09-30
2135,187,2264.05,payment,False,2023-10-08
2136,269,300.28,deposit,False,2023-07-01
2137,423,1330.3,transfer,False,2025-02-05
2138,229,712.0,payment,False,2022-08-05
2139,497,118.61,payment,False,2024-05-25
2140,156,1671.7,payment,True,2023-09-29
2141,473,2157.06,payment,False,2023-08-03
2142,189,408.09,payment,False,2024-11-01
2143,272,2031.22,transfer,False,2025-09-30
2144,375,2133.64,withdrawal,False,2022-12-14
2145,2,2285.94,deposit,False,2022-10-16
2146,246,663.95,deposit,False,2025-09-16
2147,210,2259.98,payment,False,2022-04-25
2148,401,802.34,deposit,False,2022-08-27
2149,286,1381.29,payment,False,2025-08-17
2150,359,127.22,payment,False,2025-03-01
2151,13,110.66,payment,False,2025-09-30
2152,96,1801.21,payment,False,2023-05-05
2153,498,1111.76,deposit,False,2025-01-07
2154,221,641.47,transfer,False,2025-09-22
2155,238,476.84,payment,False,2024-03-11
2156,94,1675.21,deposit,False,2025-01-22
2157,338,2.0,payment,False,2024-05-09
2158,269,2014.92,deposit,False,2024-06-16
2159,171,199.04,payment,False,2024-03-28
2160,469,479.53,payment,False,2022-11-22
2161,94,966.2,payment,False,2024-03-19
2162,149,1212.66,withdrawal,False,2023-07-27
2163,112,888.13,payment,False,2025-01-13
2164,55,802.46,transfer,False,2025-09-30
2165,337,2409.83,payment,False,2023-04-12
2166,424,1604.31,transfer,False,2025-09-30
2167,467,59.56,withdrawal,False,2024-07-09
2168,116,1076.01,payment,False,2025-08-30
2169,143,2187.65,payment,False,2024-03-23
2170,201,754.34,withdrawal,False,2025-02-09
2171,180,237.3,withdrawal,False,2024-11-19
2172,202,1896.2,withdrawal,False,2024-05-07
2173,364,1515.43,payment,False,2025-09-30
2174,479,1426.21,payment,False,2025-02-25
2175,53,134.89,transfer,False,2025-09-30
2176,471,352.11,payment,False,2025-09-30
2177,384,1556.75,payment,False,2025-06-25
2178,180,520.35,payment,False,2024-05-22
2179,414,1260.67,deposit,False,2025-09-30
2180,417,1362.66,deposit,False,2025-09-30
2181,313,709.48,payment,False,2025-07-01
2182,308,2371.11,payment,False,2025-09-30
2183,137,2106.32,payment,False,2024-10-03
2184,182,1806.21,payment,False,2022-06-29
2185,367,195.91,payment,False,2025-09-30
2186,1,266.22,transfer,False,2025-09-30
2187,44,1232.46,payment,False,2025-09-30
2188,227,402.62,payment,False,2025-09-30
2189,331,2445.69,deposit,False,2023-10-21
2190,98,397.14,payment,False,2024-11-21
2191,208,1219.18,payment,False,2025-09-30
2192,265,910.94,payment,False,2023-10-15
2193,288,1598.83,payment,False,2024-01-19
2194,271,323.46,transfer,False,2025-09-30
2195,140,1076.36,payment,False,2023-03-10
2196,481,687.49,payment,False,2025-09-30
2197,237,2219.49,withdrawal,False,2024-09-21
2198,462,102.42,transfer,False,2024-01-10
2199,441,2284.41,payment,False,2023-12-04
2200,392,2082.65,payment,False,2025-09-30
2201,72,744.63,transfer,False,2024-11-07
2202,155,1973.44,payment,True,2025-01-24
2203,190,79.0,withdrawal,False,2025-07-17
2204,268,2417.2,withdrawal,False,2024-03-21
2205,321,1316.96,withdrawal,False,2025-09-30
2206,107,758.9,payment,False,2023-09-07
2207,232,907.1,payment,False,2024-04-12
2208,42,166.95,withdrawal,False,2023-08-03
2209,190,2473.38,payment,False,2025-09-30
2210,371,99.19,payment,False,2025-09-28
2211,139,1637.61,payment,False,2024-08-12
2212,103,1107.4,payment,False,2025-09-30
2213,171,2372.34,transfer,False,2023-11-21
2214,351,615.75,payment,False,2022-06-13
2215,273,1330.68,transfer,True,2024-12-24
2216,481,1206.41,payment,False,2025-09-30
2217,416,1757.46,payment,False,2024-06-07
2218,221,170.96,payment,False,2025-09-30
2219,213,485.28,deposit,False,2025-09-30
2220,341,537.2,deposit,False,2023-04-13
2221,424,1845.64,payment,False,2025-09-30
2222,407,473.66,transfer,False,2024-05-05
2223,56,1434.16,payment,False,2023-09-03
2224,390,538.89,withdrawal,False,2025-09-30
2225,342,2154.2,transfer,False,2023-12-22
2226,434,2355.52,deposit,False,2023-05-18
2227,102,1296.71,transfer,False,2025-04-16
2228,421,881.42,payment,False,2025-04-13
2229,493,585.91,payment,False,2022-07-18
2230,192,125.4,payment,True,2024-09-15
2231,499,671.98,payment,False,2025-07-11
2232,310,1635.94,deposit,False,2025-09-30
2233,200,1334.51,payment,True,2024-05-18
2234,233,2360.16,withdrawal,False,2024-03-15
2235,433,991.3,payment,False,2025-09-30
2236,227,1734.96,payment,False,2025-09-30
2237,371,1223.82,withdrawal,False,2024-09-01
2238,139,1281.93,payment,False,2025-01-04
2239,344,670.17,deposit,False,2025-04-12
2240,305,1137.92,payment,False,2025-09-30
2241,149,1177.49,deposit,False,2023-12-30
2242,115,1766.9,payment,False,2025-04-27
2243,450,2351.66,payment,False,2025-09-30
2244,63,823.97,withdrawal,False,2023-06-29
2245,104,106.46,deposit,False,2023-08-01
2246,339,1241.24,payment,False,2023-05-09
2247,359,1361.61,payment,False,2025-03-17
2248,156,421.93,payment,False,2022-09-23
2249,273,1901.4,payment,False,2023-10-22
2250,6,2462.34,deposit,False,2024-03-02
2251,147,2364.49,deposit,False,2023-11-08
2252,184,493.57,payment,False,2025-09-30
2253,486,2188.53,payment,False,2023-10-30
2254,28,1761.53,deposit,False,2023-10-07
2255,450,1135.16,payment,False,2025-09-30
2256,38,1351.99,withdrawal,False,2025-03-04
2257,119,2124.15,payment,False,2024-12-01
2258,293,1200.86,withdrawal,False,2025-09-30
2259,371,933.65,payment,False,2025-09-30
2260,244,1233.63,deposit,False,2025-09-30
2261,68,1448.25,payment,False,2023-06-10
2262,214,473.51,payment,False,2024-07-10
2263,218,2252.37,deposit,False,2025-09-30
2264,177,1685.79,payment,False,2025-09-30
2265,299,1583.54,payment,False,2025-03-12
2266,164,249.64,payment,True,2025-09-30
2267,58,1510.83,payment,False,2024-10-27
2268,269,303.28,transfer,False,2024-06-10
2269,308,197.67,deposit,False,2025-09-27
2270,58,1318.75,payment,False,2025-09-30
2271,288,1007.56,withdrawal,False,2022-09-07
2272,465,1472.44,payment,False,2025-09-30
2273,105,223.97,transfer,False,2023-08-08
2274,228,1078.03,payment,False,2025-09-30
2275,247,437.79,payment,False,2022-09-07
2276,188,2467.76,payment,False,2023-08-12
2277,494,1403.31,payment,False,2024-02-07
2278,83,1718.9,payment,False,2025-09-30
2279,186,814.22,payment,False,2025-06-25
2280,252,237.75,deposit,False,2025-09-30
2281,355,2439.7,payment,False,2022-07-04
2282,238,716.36,transfer,False,2023-12-17
2283,360,1060.1,payment,False,2025-09-28
2284,184,1625.01,withdrawal,False,2024-05-31
2285,284,62.72,transfer,False,2023-06-07
2286,385,2025.84,withdrawal,False,2025-01-10
2287,426,1341.91,deposit,False,2025-09-30
2288,210,696.26,deposit,False,2022-05-10
2289,304,154.96,payment,False,2023-10-07
2290,296,407.08,withdrawal,False,2025-09-30
2291,97,2237.69,payment,False,2024-08-06
2292,447,1715.37,payment,False,2025-05-23
2293,460,625.5,payment,False,2024-04-11
2294,456,164.94,withdrawal,False,2024-09-15
2295,472,1726.85,payment,False,2023-11-03
2296,208,1431.45,payment,False,2025-09-30
2297,370,1011.89,payment,False,2024-03-17
2298,388,909.67,transfer,False,2025-09-30
2299,422,542.82,payment,False,2025-09-30
2300,492,1674.36,payment,False,2025-03-05
2301,411,2426.7,payment,False,2025-09-30
2302,137,440.11,transfer,False,2024-10-14
2303,367,1493.19,transfer,False,2025-01-06
2304,400,1061.04,withdrawal,False,2024-02-15
2305,184,1117.28,deposit,False,2025-03-07
2306,76,636.11,payment,False,2025-03-01
2307,287,2063.01,transfer,False,2025-07-29
2308,472,1213.65,payment,False,2022-12-09
2309,375,1358.97,payment,False,2023-05-16
2310,142,762.6,payment,False,2025-04-03
2311,237,455.34,payment,False,2024-09-16
2312,25,215.69,deposit,False,2023-06-29
2313,290,1785.58,payment,False,2025-09-30
2314,67,491.39,transfer,False,2023-04-13
2315,250,1725.5,payment,False,2024-02-21
2316,408,976.55,payment,False,2024-10-14
2317,118,1040.02,payment,False,2023-07-26
2318,490,1173.47,withdrawal,False,2025-09-30
2319,73,919.9,deposit,False,2025-01-02
2320,282,252.45,payment,False,2023-09-25
2321,404,774.77,payment,False,2023-11-04
2322,448,1659.67,payment,False,2024-08-31
2323,360,1664.8,withdrawal,False,2025-09-30
2324,10,716.27,transfer,False,2025-09-30
2325,211,1150.8,payment,False,2025-09-30
2326,323,484.42,deposit,False,2025-04-26
2327,152,526.72,payment,False,2022-11-16
2328,5,58.59,payment,False,2023-06-01
2329,195,2241.97,transfer,False,2024-02-19
2330,442,527.56,payment,False,2025-09-30
2331,283,569.61,payment,False,2024-07-03
2332,464,699.72,payment,False,2023-01-01
2333,113,319.39,payment,False,2025-04-16
2334,271,1598.52,deposit,False,2024-10-18
2335,163,188.78,withdrawal,False,2025-08-30
2336,460,336.37,transfer,False,2024-04-13
2337,105,1612.25,payment,False,2024-03-25
2338,181,849.81,payment,False,2024-11-10
2339,44,1770.16,payment,False,2025-09-30
2340,282,1394.0,payment,False,2023-10-13
2341,175,640.8,transfer,False,2025-09-30
2342,162,1627.42,withdrawal,False,2025-01-20
2343,471,291.57,payment,False,2025-09-30
2344,351,1341.49,deposit,False,2023-11-12
2345,434,1093.43,deposit,False,2023-10-18
2346,340,670.42,payment,False,2022-07-07
2347,140,1510.41,deposit,False,2022-09-11
2348,471,2178.46,payment,False,2025-08-19
2349,132,2497.26,payment,False,2025-02-01
2350,87,1519.8,payment,False,2024-12-08
2351,176,1012.36,payment,False,2023-08-11
2352,183,563.79,payment,False,2025-09-16
2353,368,643.48,payment,False,2025-08-27
2354,129,1199.16,payment,False,2025-07-19
2355,246,918.83,deposit,False,2025-06-07
2356,89,2284.62,transfer,False,2024-10-02
2357,66,921.37,deposit,False,2024-07-23
2358,158,934.24,payment,False,2025-06-06
2359,387,959.45,payment,False,2023-12-13
2360,378,2091.71,payment,False,2025-09-30
2361,149,1627.32,payment,True,2024-02-24
2362,473,1535.81,payment,False,2024-08-13
2363,340,836.02,withdrawal,False,2022-08-10
2364,433,2044.94,withdrawal,False,2025-09-30
2365,116,96.87,withdrawal,False,2025-07-26
2366,214,2177.12,payment,False,2025-05-11
2367,469,1282.36,payment,False,2024-01-21
2368,446,996.23,withdrawal,False,2024-06-17
2369,481,1243.42,payment,False,2025-09-30
2370,372,1668.87,payment,False,2024-10-17
2371,294,32.9,payment,False,2022-01-30
2372,253,2179.01,payment,False,2025-08-21
2373,143,1117.4,payment,False,2024-11-04
2374,250,858.07,deposit,False,2023-12-11
2375,366,346.48,deposit,False,2024-11-26
2376,436,1099.22,payment,False,2025-07-06
2377,463,1241.31,payment,False,2023-12-23
2378,302,1009.71,withdrawal,False,2024-11-19
2379,25,1696.97,payment,False,2024-08-09
2380,277,1052.82,payment,False,2024-10-10
2381,472,2403.58,payment,False,2023-05-26
2382,377,1498.59,payment,False,2024-07-26
2383,378,2018.89,deposit,False,2025-09-30
2384,389,274.28,deposit,False,2023-10-02
2385,70,993.83,payment,True,2024-01-25
2386,113,842.78,payment,False,2025-09-30
2387,363,1424.14,payment,False,2023-06-16
2388,112,2152.92,payment,False,2024-04-14
2389,364,196.77,transfer,False,2024-07-03
2390,303,182.36,withdrawal,False,2025-01-18
2391,471,2125.94,payment,False,2025-09-30
2392,452,532.91,deposit,False,2024-04-20
2393,91,1672.21,deposit,False,2025-09-30
2394,18,1357.65,deposit,False,2025-06-04
2395,149,2082.4,payment,False,2024-03-15
2396,476,313.6,payment,False,2025-09-30
2397,227,325.33,withdrawal,False,2025-09-30
2398,214,1392.49,payment,False,2025-03-22
2399,360,2366.0,transfer,False,2025-09-30
2400,151,1038.08,withdrawal,False,2024-05-14
2401,192,818.03,transfer,False,2023-01-28
2402,451,1517.12,payment,False,2024-01-03
2403,40,2326.19,deposit,False,2023-08-12
2404,242,2092.48,payment,False,2025-03-18
2405,138,2488.71,transfer,False,2024-04-02
2406,345,57.4,payment,False,2025-09-30
2407,180,283.03,payment,False,2024-01-15
2408,497,1524.06,deposit,False,2025-03-06
2409,200,2051.62,payment,False,2025-04-13
2410,203,713.83,payment,False,2024-01-21
2411,61,598.79,transfer,False,2023-10-30
2412,192,1967.65,payment,False,2024-10-27
2413,5,141.9,withdrawal,False,2023-05-18
2414,378,924.09,payment,False,2025-09-30
2415,237,1265.02,deposit,False,2025-08-23
2416,181,1401.31,withdrawal,False,2025-09-30
2417,311,1821.81,payment,False,2025-09-30
2418,37,887.76,payment,False,2023-07-07
2419,56,1532.1,payment,False,2023-09-19
2420,443,1463.85,payment,False,2022-06-02
2421,237,1369.49,payment,False,2025-01-11
2422,358,1601.57,withdrawal,False,2022-11-23
2423,349,649.36,payment,False,2024-05-27
2424,197,212.54,payment,False,2024-06-18
2425,73,299.06,withdrawal,False,2024-08-28
2426,59,562.23,payment,False,2025-03-15
2427,240,1250.99,payment,False,2024-01-28
2428,2,2101.27,payment,False,2024-03-25
2429,449,1753.53,payment,False,2022-09-14
2430,360,1972.81,withdrawal,False,2025-09-30
2431,188,878.09,withdrawal,False,2024-12-18
2432,307,1012.23,payment,False,2024-12-28
2433,30,984.81,payment,False,2025-01-15
2434,267,480.49,payment,False,2023-06-20
2435,476,153.98,payment,False,2025-09-30
2436,108,1477.7,transfer,False,2025-03-10
2437,332,2473.05,payment,False,2023-07-06
2438,423,417.91,payment,False,2024-07-19
2439,90,117.67,payment,False,2025-05-21
2440,205,1949.05,withdrawal,False,2023-08-21
2441,379,632.21,withdrawal,False,2024-12-15
2442,456,2074.28,withdrawal,False,2024-01-25
2443,447,1760.14,deposit,False,2024-05-03
2444,448,2364.24,payment,False,2025-09-30
2445,445,1022.91,payment,False,2024-03-05
2446,381,1655.26,payment,False,2025-09-30
2447,438,1162.67,withdrawal,False,2024-02-03
2448,220,1576.84,withdrawal,False,2025-09-30
2449,378,1124.55,payment,False,2025-09-30
2450,94,472.39,withdrawal,False,2024-04-06
2451,457,1270.24,withdrawal,False,2025-09-03
2452,103,1321.93,deposit,False,2025-02-20
2453,223,2026.7,payment,False,2023-07-01
2454,186,1839.07,deposit,False,2025-09-30
2455,469,1659.82,payment,False,2022-12-20
2456,184,284.35,withdrawal,False,2025-09-30
2457,495,1801.82,transfer,False,2025-09-30
2458,162,1251.26,payment,False,2025-03-27
2459,247,2235.35,deposit,False,2022-09-01
2460,31,2299.76,withdrawal,False,2023-07-17
2461,52,138.84,payment,False,2023-08-28
2462,345,2051.78,payment,False,2025-09-20
2463,76,95.21,payment,False,2025-08-31
2464,385,918.56,transfer,False,2024-04-10
2465,439,1356.21,deposit,False,2024-03-29
2466,278,371.1,payment,False,2025-09-30
2467,40,1866.04,payment,False,2023-06-28
2468,101,21.88,payment,False,2025-09-30
2469,111,422.33,payment,False,2025-09-30
2470,385,1452.41,payment,False,2023-10-26
2471,321,1786.25,payment,False,2025-09-30
2472,249,2291.69,payment,False,2023-12-27
2473,191,1764.04,payment,False,2025-02-14
2474,490,1679.78,deposit,False,2025-09-30
2475,182,986.46,transfer,False,2023-08-01
2476,426,4.21,deposit,False,2025-09-30
2477,405,301.28,deposit,False,2025-07-16
2478,335,1336.85,payment,False,2022-12-11
2479,209,1688.15,payment,False,2022-07-28
2480,22,1044.2,payment,False,2025-09-30
2481,166,1826.97,deposit,False,2025-01-30
2482,99,1305.13,transfer,False,2024-04-19
2483,493,186.37,withdrawal,False,2023-06-05
2484,208,480.85,deposit,False,2025-09-30
2485,8,2100.16,withdrawal,False,2023-12-21
2486,190,1812.56,payment,False,2024-06-22
2487,175,2237.01,payment,False,2024-09-02
2488,273,294.78,payment,False,2024-09-29
2489,17,2475.57,payment,False,2023-11-15
2490,90,524.31,withdrawal,False,2025-08-11
2491,141,30.44,payment,False,2023-08-14
2492,145,2493.56,payment,False,2025-09-12
2493,166,703.4,payment,False,2023-11-10
2494,337,1670.38,payment,False,2023-12-28
2495,496,442.53,payment,False,2025-09-30
2496,78,1450.99,payment,False,2023-06-15
2497,429,2260.18,payment,False,2025-09-30
2498,262,801.13,deposit,True,2023-12-19
2499,163,1675.96,payment,False,2025-09-30
2500,366,470.57,withdrawal,False,2024-08-15
2501,14,1562.36,deposit,False,2024-08-02
2502,239,841.79,deposit,False,2025-03-12
2503,72,528.81,deposit,False,2024-02-24
2504,445,783.64,payment,False,2023-04-25
2505,143,447.92,payment,False,2024-05-15
2506,310,2254.89,payment,False,2025-09-30
2507,283,993.57,payment,False,2025-01-24
2508,269,613.95,transfer,False,2023-03-12
2509,241,1121.57,withdrawal,False,2023-02-21
2510,415,802.02,payment,False,2022-12-24
2511,245,1861.3,payment,False,2022-12-27
2512,163,2428.08,payment,False,2025-07-24
2513,60,1095.65,withdrawal,False,2024-01-08
2514,6,2152.72,withdrawal,False,2023-04-02
2515,197,1415.09,deposit,False,2024-01-28
2516,470,393.93,transfer,False,2025-09-30
2517,58,1726.87,payment,False,2024-11-10
2518,305,1284.07,payment,False,2025-07-23
2519,407,1626.87,payment,False,2023-10-30
2520,217,2224.33,payment,False,2025-09-30
2521,418,1101.65,transfer,False,2025-05-30
2522,26,2253.04,payment,False,2025-09-30
2523,303,1876.92,withdrawal,False,2025-03-10
2524,5,1222.02,payment,False,2023-11-21
2525,474,1508.45,payment,False,2024-08-11
2526,20,814.63,payment,False,2023-09-25
2527,390,2459.01,payment,False,2025-09-30
2528,198,1668.71,withdrawal,False,2025-09-30
2529,59,110.57,payment,False,2024-05-12
2530,448,817.23,withdrawal,True,2025-04-14
2531,242,1558.66,deposit,False,2025-09-30
2532,146,141.78,payment,False,2024-10-01
2533,388,60.69,withdrawal,False,2025-09-30
2534,273,1125.61,payment,False,2023-11-11
2535,249,832.39,withdrawal,False,2022-07-06
2536,14,1096.31,deposit,False,2025-05-22
2537,462,657.47,transfer,False,2024-01-11
2538,13,412.63,payment,False,2025-06-02
2539,391,1723.17,payment,False,2024-08-25
2540,384,1286.91,payment,False,2025-04-28
2541,44,501.19,payment,False,2025-09-30
2542,375,799.65,withdrawal,False,2023-07-29
2543,399,1479.93,transfer,False,2024-07-23
2544,19,181.5,payment,False,2025-03-07
2545,63,369.49,payment,False,2024-09-14
2546,491,184.04,payment,False,2023-11-17
2547,239,2030.98,payment,False,2024-05-27
2548,492,1881.27,payment,False,2024-10-29
2549,419,1883.53,payment,False,2024-12-31
2550,337,1791.1,withdrawal,False,2023-11-09
2551,419,1673.79,payment,False,2024-10-01
2552,403,1193.0,payment,False,2025-09-30
2553,404,1606.05,deposit,False,2023-04-28
2554,100,96.87,payment,False,2022-07-05
2555,163,1554.04,withdrawal,False,2025-05-14
2556,416,1944.92,withdrawal,False,2024-10-27
2557,122,1251.4,withdrawal,False,2024-11-29
2558,432,894.43,payment,False,2025-01-21
2559,44,694.29,payment,False,2025-09-30
2560,360,1607.36,deposit,False,2025-09-30
2561,408,1732.31,deposit,False,2024-03-04
2562,317,2177.55,payment,False,2025-06-16
2563,381,856.49,payment,False,2025-06-30
2564,145,1924.66,payment,True,2025-06-30
2565,327,1403.83,payment,False,2024-08-01
2566,363,2207.21,payment,False,2023-11-19
2567,50,1320.0,payment,False,2025-01-17
2568,65,1294.56,payment,False,2025-04-03
2569,355,1445.11,deposit,False,2024-02-27
2570,288,1873.54,payment,False,2022-12-21
2571,164,2411.76,deposit,False,2025-07-23
2572,141,184.83,withdrawal,False,2023-12-15
2573,454,134.53,payment,False,2024-11-09
2574,314,2343.94,withdrawal,False,2023-11-29
2575,128,1325.16,withdrawal,False,2025-09-30
2576,398,1537.64,payment,False,2024-04-29
2577,421,1206.58,payment,False,2024-06-11
2578,368,235.05,payment,False,2025-09-30
2579,463,1920.46,transfer,False,2024-01-01
2580,239,1868.31,withdrawal,False,2024-11-24
2581,324,779.95,payment,False,2024-09-26
2582,296,766.29,withdrawal,False,2025-09-30
2583,187,2094.77,payment,False,2024-02-28
2584,208,181.82,payment,False,2025-09-30
2585,220,2202.88,withdrawal,False,2025-09-30
2586,400,642.4,payment,False,2022-11-27
2587,190,1482.87,deposit,False,2024-10-09
2588,388,2340.05,withdrawal,False,2025-02-24
2589,429,1695.63,withdrawal,False,2024-08-31
2590,346,1036.66,payment,False,2025-05-28
2591,284,1724.15,deposit,False,2024-09-21
2592,352,860.61,transfer,False,2023-05-16
2593,237,693.87,payment,False,2025-06-21
2594,194,2491.71,payment,False,2024-04-24
2595,287,1877.22,payment,False,2025-09-30
2596,259,1612.16,deposit,False,2025-09-30
2597,246,888.87,withdrawal,False,2025-01-04
2598,136,123.85,payment,False,2025-09-30
2599,280,78.61,deposit,False,2024-08-31
2600,271,1385.9,payment,False,2025-09-30
2601,171,1905.32,deposit,True,2023-03-04
2602,159,1343.91,payment,False,2023-08-22
2603,201,2102.12,payment,False,2025-09-30
2604,487,84.53,payment,False,2023-09-15
2605,45,917.51,payment,False,2025-03-22
2606,450,593.44,withdrawal,False,2025-09-30
2607,264,1118.74,payment,False,2024-02-03
2608,71,181.87,payment,False,2022-09-12
2609,364,2385.37,payment,False,2025-05-28
2610,371,558.92,payment,False,2025-07-21
2611,103,2305.85,withdrawal,False,2025-02-13
2612,490,1065.31,withdrawal,False,2025-09-30
2613,125,2463.82,payment,False,2025-09-30
2614,313,1385.59,payment,False,2025-02-11
2615,464,2327.15,payment,False,2024-04-05
2616,483,14.37,transfer,False,2023-04-14
2617,286,1870.85,transfer,False,2025-09-30
2618,458,2257.72,withdrawal,False,2023-08-14
2619,230,350.16,transfer,False,2025-09-30
2620,146,241.22,deposit,False,2024-04-26
2621,370,1062.01,deposit,False,2024-10-19
2622,197,2334.26,payment,False,2023-05-27
2623,373,1356.42,payment,False,2025-09-28
2624,221,1319.11,payment,False,2025-09-30
2625,423,353.67,payment,False,2025-01-07
2626,60,2.97,withdrawal,False,2023-12-26
2627,98,2025.54,payment,False,2025-06-27
2628,171,219.85,payment,False,2023-05-12
2629,382,1584.99,payment,False,2025-09-30
2630,173,2286.63,payment,False,2023-01-22
2631,151,522.42,payment,False,2023-11-05
2632,453,1663.52,transfer,False,2025-09-30
2633,350,197.67,withdrawal,False,2024-09-29
2634,390,1509.78,withdrawal,False,2025-09-30
2635,440,410.67,payment,False,2025-02-18
2636,122,1840.15,payment,False,2024-07-08
2637,494,753.78,payment,False,2024-11-26
2638,108,1159.01,deposit,False,2025-02-09
2639,4,1498.98,payment,False,2024-02-10
2640,93,429.01,payment,False,2024-11-06
2641,407,1854.35,deposit,False,2024-08-08
2642,6,757.3,payment,False,2023-10-25
2643,288,1656.27,payment,False,2024-01-03
2644,106,396.55,payment,False,2022-10-29
2645,146,1720.61,payment,False,2025-03-21
2646,271,321.34,payment,False,2025-09-30
2647,424,1063.97,payment,False,2025-08-14
2648,378,618.77,withdrawal,False,2025-09-30
2649,96,1871.19,deposit,False,2023-12-13
2650,457,655.83,payment,False,2025-09-30
2651,229,2204.41,deposit,False,2024-03-21
2652,202,2229.66,payment,False,2025-09-11
2653,212,491.91,payment,False,2022-05-18
2654,6,1535.0,payment,False,2023-01-08
2655,112,220.21,withdrawal,False,2024-07-28
2656,376,979.45,payment,False,2023-02-20
2657,379,1783.59,withdrawal,False,2023-06-11
2658,447,1648.9,deposit,False,2025-06-14
2659,323,1562.13,payment,False,2025-09-30
2660,106,707.07,withdrawal,False,2023-07-31
2661,139,945.68,transfer,False,2024-04-12
2662,299,258.26,payment,False,2025-09-30
2663,401,1797.84,payment,False,2022-11-17
2664,96,1260.22,withdrawal,False,2023-09-18
2665,388,1772.21,withdrawal,False,2025-09-30
2666,447,623.11,payment,False,2025-01-21
2667,452,811.77,payment,False,2025-07-03
2668,337,836.2,payment,False,2024-02-18
2669,297,65.33,payment,False,2024-10-30
2670,467,853.28,payment,False,2024-05-02
2671,389,2008.46,transfer,True,2022-07-12
2672,416,2243.35,deposit,False,2024-05-17
2673,214,1296.03,payment,False,2024-11-11
2674,454,1139.3,withdrawal,False,2025-09-30
2675,291,78.03,deposit,False,2025-09-30
2676,22,2198.13,payment,False,2025-09-08
2677,193,33.51,payment,True,2025-03-19
2678,468,2361.93,payment,False,2025-09-30
2679,150,1223.55,deposit,False,2024-06-24
2680,368,855.49,payment,False,2025-04-26
2681,247,2310.62,transfer,False,2023-08-15
2682,267,61.95,payment,False,2023-10-16
2683,461,1453.98,payment,False,2025-09-30
2684,251,1372.78,payment,False,2025-01-15
2685,490,549.08,payment,False,2025-09-30
2686,3,1072.79,deposit,False,2025-09-30
2687,393,1631.01,transfer,False,2022-08-05
2688,316,1818.1,payment,False,2024-12-03
2689,76,2.79,transfer,False,2025-09-30
2690,87,2342.2,deposit,False,2025-06-25
2691,270,412.15,payment,False,2025-09-30
2692,225,584.72,withdrawal,False,2025-09-30
2693,18,659.42,payment,False,2025-08-13
2694,113,95.51,payment,False,2025-09-30
2695,251,308.51,payment,False,2023-07-29
2696,233,2465.89,withdrawal,False,2024-07-19
2697,329,788.73,payment,False,2025-04-14
2698,279,289.14,deposit,False,2025-08-31
2699,202,268.37,deposit,False,2025-09-30
2700,83,1798.93,payment,False,2025-09-30
2701,125,2136.57,payment,False,2025-09-30
2702,175,643.12,payment,False,2025-05-12
2703,69,53.25,payment,False,2024-08-29
2704,47,558.5,payment,False,2023-05-30
2705,372,142.23,payment,False,2023-11-06
2706,256,259.38,payment,False,2025-04-07
2707,215,1079.34,payment,False,2023-12-11
2708,30,575.57,payment,False,2024-08-03
2709,281,1290.35,payment,False,2025-09-30
2710,412,634.48,deposit,False,2024-02-22
2711,482,2351.4,transfer,False,2023-05-09
2712,237,2264.95,payment,False,2024-01-12
2713,248,1417.45,payment,False,2024-10-03
2714,368,886.71,payment,False,2025-09-30
2715,495,953.49,payment,False,2025-09-22
2716,25,1030.22,payment,False,2024-11-30
2717,74,1819.22,withdrawal,False,2023-10-04
2718,206,1129.65,transfer,False,2024-10-03
2719,490,2141.97,payment,False,2025-09-30
2720,494,2360.29,deposit,False,2025-09-30
2721,314,840.53,payment,False,2023-12-19
2722,94,1402.18,payment,False,2023-04-23
2723,375,238.55,payment,False,2023-09-30
2724,127,501.97,payment,False,2025-09-30
2725,425,1034.25,payment,False,2025-09-30
2726,25,516.3,payment,True,2024-03-17
2727,334,2191.52,payment,False,2024-05-07
2728,355,396.56,payment,False,2023-12-08
2729,116,1139.7,withdrawal,False,2024-11-03
2730,48,1514.64,transfer,False,2025-04-21
2731,226,1729.97,payment,False,2024-12-30
2732,266,958.29,payment,False,2025-09-30
2733,99,2172.88,payment,False,2025-09-30
2734,459,1421.23,deposit,False,2023-03-05
2735,11,1099.33,payment,True,2025-01-15
2736,85,169.03,payment,False,2024-03-28
2737,405,1162.26,payment,False,2025-09-30
2738,214,2052.02,payment,False,2025-01-24
2739,173,1536.74,payment,False,2023-03-26
2740,391,2080.57,transfer,False,2025-01-28
2741,209,1235.54,deposit,False,2022-12-17
2742,448,297.04,payment,False,2025-09-30
2743,382,35.09,payment,False,2024-12-05
2744,64,758.75,payment,False,2024-04-27
2745,258,1745.28,payment,False,2025-05-27
2746,332,1975.86,deposit,False,2023-09-12
2747,121,740.09,payment,False,2023-08-13
2748,298,1239.64,payment,False,2025-09-07
2749,466,1053.38,payment,False,2024-03-12
2750,54,1026.9,deposit,False,2024-08-09
2751,331,579.14,withdrawal,False,2024-10-16
2752,272,341.79,payment,False,2025-09-30
2753,241,492.52,payment,False,2024-06-04
2754,243,139.28,payment,False,2025-09-30
2755,18,496.13,transfer,False,2025-08-19
2756,483,23.99,payment,False,2023-09-07
2757,187,1568.52,payment,False,2025-05-28
2758,346,791.62,payment,False,2024-08-31
2759,144,2432.89,deposit,False,2022-05-16
2760,262,485.1,payment,False,2024-01-28
2761,441,865.23,payment,False,2023-10-10
2762,364,895.25,payment,False,2025-09-21
2763,491,22.12,withdrawal,False,2024-06-24
2764,431,2098.18,withdrawal,False,2024-07-13
2765,239,80.95,deposit,False,2024-07-31
2766,304,2350.51,payment,False,2023-04-15
2767,298,2230.29,payment,False,2025-08-07
2768,76,1339.27,transfer,False,2025-09-30
2769,188,1359.45,payment,False,2023-07-09
2770,333,1634.79,withdrawal,False,2025-09-30
2771,388,968.24,withdrawal,False,2025-05-17
2772,487,1618.41,payment,False,2024-02-12
2773,246,112.88,payment,False,2024-07-18
2774,130,136.07,deposit,False,2024-11-09
2775,474,1143.62,deposit,False,2024-04-23
2776,315,1374.51,payment,False,2024-06-28
2777,411,2219.66,payment,False,2025-06-23
2778,283,262.55,payment,False,2025-04-03
2779,79,2056.8,payment,False,2025-09-30
2780,72,525.91,payment,False,2024-02-08
2781,263,985.82,payment,False,2024-05-16
2782,191,792.19,transfer,False,2023-12-14
2783,367,1000.99,deposit,False,2025-09-30
2784,375,377.09,withdrawal,False,2023-02-17
2785,430,1259.42,payment,False,2024-05-08
2786,63,2004.3,payment,False,2025-02-25
2787,488,1104.39,transfer,False,2025-08-11
2788,380,1227.04,payment,False,2024-07-16
2789,12,2122.07,payment,False,2023-09-16
2790,141,1765.44,payment,False,2025-02-01
2791,254,1226.65,deposit,False,2023-05-19
2792,43,644.98,deposit,False,2024-05-21
2793,17,2212.43,payment,False,2024-12-17
2794,63,1442.97,deposit,False,2024-04-18
2795,253,553.65,payment,False,2025-09-23
2796,465,673.53,payment,False,2025-09-30
2797,376,2008.03,deposit,False,2024-09-16
2798,292,111.32,deposit,False,2025-02-23
2799,469,2480.24,payment,False,2024-01-24
2800,8,326.75,payment,False,2024-09-24
2801,325,1990.38,deposit,False,2025-08-07
2802,90,987.54,deposit,False,2025-09-30
2803,208,1231.05,deposit,False,2025-09-30
2804,292,2201.75,payment,False,2025-09-10
2805,284,1032.87,transfer,True,2024-12-03
2806,118,1344.2,transfer,False,2023-01-12
2807,349,124.2,payment,False,2023-05-19
2808,175,6.87,deposit,False,2025-03-03
2809,76,612.75,payment,False,2025-09-30
2810,101,1701.78,payment,False,2025-09-30
2811,414,304.04,withdrawal,False,2025-09-30
2812,151,285.29,payment,False,2022-07-27
2813,400,1027.99,payment,False,2023-07-12
2814,270,1619.94,deposit,False,2025-09-23
2815,458,1780.47,payment,False,2024-08-04
2816,71,446.95,payment,False,2022-06-16
2817,493,199.89,transfer,False,2024-01-18
2818,180,2351.05,payment,False,2025-02-19
2819,124,652.41,payment,False,2025-09-30
2820,381,2133.51,payment,False,2025-09-30
2821,293,2158.87,payment,False,2025-01-12
2822,285,1931.53,withdrawal,False,2023-04-05
2823,195,422.92,deposit,False,2025-06-19
2824,399,2054.68,payment,False,2024-07-27
2825,228,1923.36,deposit,False,2025-08-18
2826,431,1492.21,payment,False,2025-09-30
2827,430,843.67,payment,False,2025-05-10
2828,436,657.01,withdrawal,False,2024-09-23
2829,275,305.6,withdrawal,False,2025-09-30
2830,461,1274.88,payment,False,2025-09-30
2831,106,1463.57,payment,False,2023-10-21
2832,21,898.99,payment,False,2025-03-27
2833,64,1188.92,payment,False,2025-09-30
2834,165,909.42,payment,False,2023-03-03
2835,27,1602.87,withdrawal,False,2024-06-29
2836,311,2253.25,payment,False,2025-09-30
2837,500,410.64,deposit,False,2023-08-17
2838,285,954.14,payment,False,2023-09-03
2839,148,353.03,payment,False,2024-01-29
2840,281,1562.73,payment,False,2025-02-26
2841,326,1822.45,payment,False,2025-09-30
2842,319,2329.85,deposit,False,2024-06-20
2843,164,697.9,payment,False,2025-07-30
2844,386,2375.58,payment,False,2024-07-05
2845,406,159.09,deposit,False,2024-01-03
2846,224,1507.93,withdrawal,False,2025-09-30
2847,272,143.77,payment,False,2025-09-30
2848,146,2234.54,payment,False,2024-05-26
2849,453,1324.99,withdrawal,False,2025-05-26
2850,438,1673.7,transfer,False,2023-10-25
2851,356,2079.1,deposit,False,2025-09-30
2852,30,376.63,payment,False,2024-10-03
2853,45,97.44,transfer,False,2024-11-22
2854,275,2197.32,payment,False,2025-09-30
2855,471,788.02,payment,True,2025-08-31
2856,34,323.32,deposit,False,2024-09-07
2857,141,1171.68,payment,False,2023-09-30
2858,427,1496.17,payment,False,2024-08-18
2859,318,78.4,payment,False,2024-01-15
2860,374,687.96,payment,False,2023-07-03
2861,221,82.97,withdrawal,False,2025-09-30
2862,356,1051.42,withdrawal,False,2025-09-30
2863,22,2237.85,payment,False,2025-08-24
2864,180,2456.65,payment,False,2024-08-30
2865,436,1592.98,transfer,False,2024-12-07
2866,367,404.93,deposit,False,2025-09-30
2867,420,2264.72,payment,False,2024-10-18
2868,329,1291.1,transfer,False,2025-04-04
2869,231,385.22,withdrawal,False,2025-05-16
2870,499,2304.39,payment,False,2025-09-30
2871,403,1893.92,payment,False,2025-03-10
2872,38,1829.53,payment,False,2024-11-19
2873,70,1773.24,withdrawal,False,2024-04-19
2874,116,501.65,payment,False,2025-09-30
2875,239,528.31,payment,False,2025-02-07
2876,335,1721.04,payment,False,2022-09-10
2877,441,550.09,transfer,False,2023-08-28
2878,148,1097.24,payment,False,2023-10-15
2879,9,1955.22,transfer,False,2025-09-30
2880,288,1960.1,transfer,False,2023-11-10
2881,388,1133.7,payment,False,2025-02-01
2882,50,1980.68,payment,False,2024-09-28
2883,338,2096.72,payment,False,2023-08-17
2884,5,1637.28,transfer,False,2022-10-11
2885,404,571.84,payment,False,2024-07-18
2886,343,685.76,payment,True,2023-06-28
2887,126,787.79,payment,False,2025-09-30
2888,75,292.89,payment,False,2024-10-23
2889,165,683.63,transfer,False,2024-06-27
2890,278,524.59,withdrawal,False,2025-09-30
2891,442,1138.87,deposit,False,2025-09-30
2892,324,2271.19,payment,False,2025-09-30
2893,477,262.1,payment,False,2024-04-14
2894,300,1800.95,transfer,False,2024-03-05
2895,290,1718.52,payment,False,2025-09-30
2896,77,240.29,transfer,False,2025-09-30
2897,298,2306.51,payment,False,2024-08-17
2898,137,1421.61,payment,False,2024-10-07
2899,106,909.95,withdrawal,False,2023-06-02
2900,95,1891.59,transfer,False,2022-11-07
2901,135,644.16,transfer,False,2025-09-30
2902,68,1734.08,payment,False,2023-12-03
2903,147,100.24,payment,False,2023-12-24
2904,490,2098.68,payment,False,2025-09-30
2905,478,1120.98,withdrawal,False,2024-10-01
2906,159,1592.1,withdrawal,False,2023-04-15
2907,384,553.87,payment,False,2025-09-30
2908,163,1693.01,transfer,False,2025-09-30
2909,441,1930.83,withdrawal,False,2024-07-30
2910,341,1183.56,deposit,False,2023-11-15
2911,189,1544.7,payment,False,2025-09-30
2912,415,1141.36,payment,False,2023-08-09
2913,339,2235.33,transfer,False,2024-08-04
2914,95,1245.18,payment,False,2023-07-10
2915,181,2104.68,deposit,False,2025-09-30
2916,288,2003.58,transfer,False,2022-08-04
2917,322,1026.85,withdrawal,False,2024-09-02
2918,187,575.98,payment,False,2024-06-26
2919,372,1015.8,payment,False,2024-04-27
2920,138,2065.72,payment,False,2024-03-10
2921,130,569.85,payment,False,2025-09-30
2922,194,1311.57,payment,False,2024-02-21
2923,316,2015.44,payment,False,2025-04-25
2924,472,884.34,payment,False,2022-03-18
2925,273,1605.88,payment,False,2023-12-01
2926,352,614.83,payment,False,2023-06-04
2927,144,274.09,payment,False,2022-03-19
2928,16,1986.17,payment,False,2025-01-10
2929,302,248.32,withdrawal,False,2023-06-20
2930,423,679.18,payment,False,2024-08-25
2931,245,2137.92,payment,False,2023-10-17
2932,415,866.83,withdrawal,False,2023-12-21
2933,107,2432.64,deposit,False,2024-01-31
2934,88,2449.36,payment,False,2025-02-18
2935,129,671.42,withdrawal,False,2025-02-21
2936,395,103.4,transfer,False,2025-04-19
2937,375,1762.95,deposit,False,2022-05-24
2938,341,1128.02,payment,False,2023-04-27
2939,4,252.78,withdrawal,False,2024-06-07
2940,327,1769.1,payment,False,2023-10-09
2941,410,78.91,payment,False,2025-09-30
2942,367,2175.62,transfer,False,2025-09-30
2943,306,347.49,payment,False,2024-06-10
2944,396,319.15,transfer,False,2025-09-30
2945,95,440.01,payment,False,2024-02-22
2946,209,2400.71,transfer,False,2022-07-09
2947,225,1733.23,payment,False,2025-09-30
2948,459,2003.63,payment,False,2022-09-18
2949,348,994.69,payment,False,2024-01-11
2950,480,841.45,payment,False,2025-07-10
2951,321,586.98,payment,False,2025-09-30
2952,47,1202.14,deposit,False,2023-05-05
2953,476,1380.02,payment,False,2025-09-30
2954,181,1579.81,deposit,False,2025-04-21
2955,106,643.54,payment,False,2022-04-14
2956,199,2371.69,payment,False,2024-05-23
2957,386,425.23,transfer,False,2024-07-30
2958,106,2414.17,payment,False,2022-12-15
2959,280,38.13,withdrawal,False,2024-05-01
2960,260,1203.33,withdrawal,False,2024-07-08
2961,108,834.09,payment,False,2025-09-30
2962,19,1123.36,transfer,False,2025-09-30
2963,410,1427.09,withdrawal,False,2025-08-07
2964,459,1089.54,payment,False,2023-09-14
2965,296,1037.7,deposit,False,2025-09-30
2966,306,1832.08,payment,False,2024-11-06
2967,171,1715.0,payment,False,2023-02-12
2968,331,2083.34,transfer,False,2023-03-16
2969,493,625.65,withdrawal,False,2022-12-29
2970,195,1524.21,deposit,False,2024-01-17
2971,12,1463.4,withdrawal,False,2023-07-01
2972,195,924.97,deposit,False,2025-05-02
2973,490,1215.66,transfer,False,2025-09-30
2974,283,785.14,payment,False,2024-10-26
2975,369,355.47,payment,False,2024-07-11
2976,182,535.29,payment,False,2022-04-17
2977,450,264.68,withdrawal,False,2025-09-30
2978,305,1707.99,payment,False,2025-09-30
2979,144,1652.16,payment,False,2023-04-01
2980,386,2376.57,payment,False,2024-04-28
2981,316,1824.47,transfer,False,2025-09-30
2982,182,131.06,withdrawal,False,2022-03-16
2983,30,2210.73,payment,False,2024-11-08
2984,84,2156.83,payment,False,2025-02-08
2985,166,1108.86,payment,False,2023-09-01
2986,284,1465.07,payment,False,2024-06-24
2987,281,2440.22,payment,False,2025-09-30
2988,96,1331.23,transfer,False,2023-11-28
2989,381,2263.4,transfer,False,2025-02-27
2990,266,208.51,payment,False,2025-09-30
2991,444,478.44,payment,False,2024-12-16
2992,298,1102.45,payment,False,2024-01-09
2993,296,1462.31,payment,True,2025-09-30
2994,225,2040.75,payment,False,2025-09-30
2995,333,2470.67,payment,False,2025-09-30
2996,361,972.74,payment,False,2024-07-17
2997,374,119.49,deposit,False,2024-07-15
2998,42,2003.13,withdrawal,False,2025-04-25
2999,303,1511.35,withdrawal,False,2025-09-30
3000,421,497.16,payment,False,2025-03-09
3001,246,1237.58,transfer,False,2024-05-07
3002,208,1856.03,transfer,False,2025-09-30
3003,237,1926.26,payment,False,2024-11-14
3004,22,1249.55,payment,False,2024-08-30
3005,185,763.73,payment,False,2025-09-30
3006,468,2434.38,payment,False,2025-09-30
3007,242,1658.74,payment,False,2025-09-30
3008,363,1021.19,payment,False,2023-05-17
3009,283,701.88,payment,False,2025-06-09
3010,41,1828.03,payment,False,2025-09-30
3011,336,606.22,payment,False,2025-04-02
3012,162,430.1,transfer,False,2024-11-19
3013,160,1325.05,payment,False,2025-07-16
3014,474,725.68,withdrawal,False,2025-09-30
3015,89,1572.63,payment,False,2023-07-25
3016,322,295.73,payment,False,2025-03-09
3017,12,1637.7,payment,False,2023-04-15
3018,424,708.96,payment,False,2025-09-30
3019,73,1.61,payment,False,2024-06-05
3020,76,318.21,payment,False,2025-09-30
3021,346,2334.1,payment,False,2024-08-26
3022,201,2168.52,withdrawal,False,2025-09-25
3023,10,584.79,payment,False,2025-09-30
3024,352,1946.15,withdrawal,False,2022-07-12
3025,226,1521.82,payment,False,2023-07-11
3026,176,2427.29,withdrawal,False,2022-08-23
3027,276,934.64,payment,False,2022-10-25
3028,39,1703.97,withdrawal,False,2023-09-17
3029,60,159.78,transfer,False,2024-10-05
3030,66,991.22,transfer,False,2025-07-18
3031,321,2409.58,payment,False,2025-09-30
3032,435,1347.91,deposit,False,2025-05-15
3033,124,720.41,payment,False,2025-09-30
3034,164,301.56,transfer,False,2025-09-30
3035,408,1759.12,payment,False,2023-12-22
3036,411,1612.5,payment,False,2025-09-30
3037,386,935.47,payment,False,2025-03-27
3038,159,2377.4,payment,False,2023-12-20
3039,57,56.48,withdrawal,False,2023-12-02
3040,78,760.01,transfer,False,2023-07-11
3041,194,2302.75,withdrawal,False,2023-11-28
3042,285,803.02,withdrawal,False,2023-11-30
3043,15,631.38,deposit,False,2024-07-25
3044,12,1336.02,payment,False,2022-11-01
3045,101,2059.68,payment,False,2025-09-30
3046,156,258.76,payment,False,2023-09-12
3047,340,2357.61,payment,False,2024-01-02
3048,125,1987.89,payment,False,2025-09-30
3049,359,453.94,payment,False,2025-09-30
3050,280,1780.31,payment,False,2023-04-10
3051,405,963.01,payment,True,2025-09-30
3052,394,1006.33,transfer,False,2025-09-30
3053,110,1958.44,payment,False,2025-09-07
3054,334,2407.0,payment,False,2024-03-06
3055,357,317.51,payment,False,2025-09-30
3056,146,1052.15,payment,False,2023-11-21
3057,216,1202.87,payment,False,2025-09-30
3058,398,941.4,payment,False,2024-01-04
3059,162,908.61,payment,False,2025-07-04
3060,128,131.62,payment,False,2025-09-30
3061,314,1714.16,payment,False,2023-07-13
3062,332,1091.1,payment,False,2024-04-04
3063,150,487.79,withdrawal,False,2024-04-25
3064,454,2040.27,payment,False,2025-01-24
3065,36,2006.6,payment,False,2024-12-01
3066,173,1216.49,payment,False,2023-06-01
3067,420,746.83,deposit,False,2024-11-03
3068,22,1595.59,payment,False,2025-07-22
3069,206,721.09,withdrawal,False,2024-05-10
3070,127,590.78,deposit,False,2025-05-30
3071,336,1826.56,payment,False,2025-09-30
3072,445,101.77,payment,False,2024-01-05
3073,356,237.83,payment,False,2025-08-30
3074,440,17.96,payment,False,2025-07-20
3075,217,383.21,payment,False,2025-09-30
3076,96,173.41,payment,False,2023-12-04
3077,417,2489.51,payment,False,2025-09-30
3078,429,722.74,payment,False,2024-09-21
3079,164,374.02,deposit,False,2025-09-30
3080,148,603.25,payment,False,2024-03-29
3081,18,2340.38,transfer,False,2025-09-30
3082,294,1300.88,transfer,False,2023-06-16
3083,195,912.68,transfer,False,2024-08-17
3084,151,2183.61,deposit,False,2024-03-06
3085,480,988.08,payment,False,2025-02-04
3086,365,838.19,payment,False,2023-06-03
3087,123,519.0,payment,False,2025-09-30
3088,400,945.11,payment,False,2023-02-21
3089,187,792.39,deposit,False,2024-04-08
3090,453,1693.58,transfer,False,2025-09-30
3091,452,724.67,payment,False,2025-09-30
3092,149,1443.42,payment,False,2023-06-28
3093,104,165.66,payment,False,2023-05-01
3094,243,479.03,payment,False,2025-07-20
3095,462,1019.11,payment,False,2024-09-22
3096,231,2342.44,payment,False,2025-09-30
3097,479,943.75,deposit,False,2024-02-29
3098,206,1660.52,payment,False,2024-05-25
3099,198,638.46,transfer,False,2025-09-30
3100,396,318.46,withdrawal,False,2025-09-16
3101,400,147.28,deposit,False,2022-08-09
3102,337,764.23,payment,False,2022-11-16
3103,493,394.99,deposit,False,2023-03-24
3104,87,435.85,withdrawal,False,2025-09-30
3105,142,1902.14,payment,False,2025-01-02
3106,317,40.58,payment,False,2025-09-30
3107,199,1394.97,transfer,False,2024-09-13
3108,46,949.27,payment,False,2025-09-30
3109,288,1266.87,payment,False,2022-08-16
3110,15,1407.51,payment,False,2024-02-27
3111,44,784.11,withdrawal,False,2025-09-30
3112,401,738.48,deposit,False,2022-07-09
3113,169,1833.77,payment,False,2024-04-22
3114,310,2178.32,payment,False,2025-09-30
3115,495,482.26,transfer,False,2025-03-21
3116,44,244.95,deposit,False,2025-09-30
3117,98,2244.59,deposit,False,2024-12-06
3118,261,875.39,payment,False,2024-05-11
3119,109,1378.74,payment,False,2024-04-14
3120,283,899.5,payment,False,2024-01-19
3121,372,315.38,withdrawal,False,2024-01-08
3122,343,1473.74,payment,False,2022-07-13
3123,104,1313.33,payment,False,2024-07-04
3124,256,508.28,payment,False,2025-09-30
3125,379,1130.22,payment,False,2023-06-26
3126,206,1992.57,deposit,False,2025-03-13
3127,335,1476.47,payment,False,2023-04-21
3128,43,243.2,withdrawal,False,2023-07-20
3129,353,1370.51,transfer,False,2025-01-12
3130,245,1757.14,payment,False,2024-07-16
3131,287,1981.97,withdrawal,False,2025-09-30
3132,355,1573.16,transfer,False,2023-07-13
3133,273,382.49,transfer,False,2024-08-08
3134,476,1775.72,payment,False,2025-09-30
3135,83,1693.68,payment,False,2025-09-30
3136,110,62.04,payment,False,2025-06-18
3137,438,1029.96,withdrawal,False,2023-06-21
3138,190,833.04,withdrawal,False,2024-06-01
3139,471,1673.86,withdrawal,False,2025-09-30
3140,288,541.12,payment,False,2023-05-20
3141,424,1477.59,payment,False,2025-09-30
3142,397,2283.1,payment,False,2024-03-08
3143,251,1994.71,payment,False,2023-10-08
3144,212,2303.72,withdrawal,False,2022-05-14
3145,291,2446.29,payment,False,2025-05-28
3146,133,27.66,payment,False,2025-02-25
3147,201,1557.23,payment,False,2025-09-30
3148,285,1032.69,payment,False,2023-09-28
3149,326,2149.78,payment,False,2025-09-30
3150,409,630.28,payment,False,2025-06-14
3151,95,2452.59,payment,False,2024-05-20
3152,278,1534.66,payment,False,2025-09-30
3153,450,1984.05,payment,False,2025-09-30
3154,429,214.91,withdrawal,False,2025-08-29
3155,325,459.46,payment,False,2025-02-20
3156,219,1896.25,withdrawal,False,2023-03-30
3157,89,55.94,withdrawal,False,2023-04-25
3158,72,2042.38,payment,False,2024-06-26
3159,247,35.86,transfer,False,2023-02-20
3160,129,1643.14,payment,False,2025-09-30
3161,212,913.37,withdrawal,False,2023-03-10
3162,428,1529.13,transfer,False,2023-05-13
3163,343,1740.38,deposit,False,2024-03-16
3164,96,856.85,payment,False,2024-06-01
3165,75,270.8,payment,False,2025-08-21
3166,423,175.05,payment,False,2025-04-13
3167,495,1472.75,withdrawal,False,2025-09-30
3168,54,1302.12,withdrawal,False,2025-08-18
3169,344,1855.76,payment,False,2025-09-30
3170,459,1274.83,payment,False,2023-03-23
3171,413,1056.69,withdrawal,False,2025-09-30
3172,54,995.82,payment,False,2024-08-09
3173,218,67.09,deposit,False,2025-09-30
3174,16,839.56,deposit,False,2025-07-14
3175,99,2440.07,payment,False,2024-05-02
3176,20,2184.02,withdrawal,False,2024-02-29
3177,46,824.12,payment,False,2025-09-30
3178,451,1469.9,payment,False,2025-02-13
3179,193,2118.39,transfer,False,2024-06-15
3180,383,1103.74,deposit,False,2022-11-15
3181,58,45.88,payment,False,2025-09-30
3182,437,187.2,payment,False,2025-07-17
3183,111,1276.47,payment,False,2025-09-30
3184,129,2423.63,payment,False,2025-09-30
3185,337,1733.33,payment,False,2024-03-28
3186,194,178.22,payment,False,2024-02-21
3187,413,474.21,payment,False,2025-09-30
3188,340,1928.54,payment,False,2022-08-09
3189,326,2103.76,payment,False,2025-09-30
3190,8,1544.62,transfer,False,2024-06-26
3191,29,1611.41,withdrawal,False,2025-09-30
3192,112,71.82,payment,False,2024-05-26
3193,435,2071.5,payment,False,2025-02-24
3194,161,1970.9,payment,False,2023-10-12
3195,131,648.33,payment,False,2024-11-05
3196,188,1771.98,payment,False,2024-09-29
3197,163,537.92,deposit,False,2025-01-19
3198,197,101.79,withdrawal,False,2022-12-06
3199,475,503.64,withdrawal,False,2022-07-07
3200,364,447.39,payment,False,2024-05-10
3201,204,845.03,transfer,False,2025-09-30
3202,212,1046.71,transfer,False,2023-12-15
3203,109,1271.84,payment,False,2023-09-25
3204,276,1192.41,payment,False,2022-10-23
3205,73,677.42,payment,False,2025-04-28
3206,167,73.9,payment,False,2024-09-10
3207,260,1513.15,withdrawal,False,2023-07-04
3208,243,989.97,payment,False,2025-09-30
3209,275,747.38,payment,False,2025-07-17
3210,102,2167.49,payment,False,2024-07-24
3211,475,1867.11,payment,False,2023-08-12
3212,173,2144.56,deposit,False,2022-08-14
3213,171,1237.96,payment,False,2023-06-14
3214,141,328.2,withdrawal,False,2024-03-14
3215,397,1740.86,payment,False,2024-03-04
3216,188,515.98,payment,False,2023-10-25
3217,441,1103.63,payment,False,2023-07-11
3218,86,163.44,withdrawal,False,2025-02-06
3219,476,2063.45,payment,False,2025-09-30
3220,52,315.73,payment,False,2022-09-20
3221,111,2257.84,payment,False,2025-09-30
3222,437,2160.71,payment,False,2025-09-30
3223,365,1161.99,transfer,False,2024-05-25
3224,342,1861.18,payment,False,2022-09-17
3225,43,1548.99,payment,False,2023-04-05
3226,211,2007.89,payment,False,2025-05-27
3227,456,1080.08,deposit,False,2025-09-30
3228,500,1964.74,payment,False,2024-11-07
3229,200,1156.68,withdrawal,False,2024-08-04
3230,298,2352.47,deposit,False,2024-06-04
3231,346,1216.44,payment,False,2025-01-01
3232,240,1157.09,payment,False,2024-04-03
3233,115,1962.89,payment,False,2025-09-30
3234,26,2054.12,deposit,False,2025-09-30
3235,407,1386.67,payment,False,2023-11-11
3236,299,450.31,payment,False,2025-09-30
3237,77,1169.93,withdrawal,False,2025-09-30
3238,412,2420.21,payment,False,2025-01-12
3239,137,1882.71,payment,False,2024-09-08
3240,20,2028.1,payment,False,2024-05-22
3241,440,83.03,payment,False,2025-07-21
3242,211,1170.18,payment,False,2025-09-30
3243,240,1616.91,payment,False,2024-08-16
3244,39,2075.25,transfer,False,2024-06-04
3245,435,124.13,payment,False,2024-10-12
3246,268,2131.24,deposit,False,2023-10-27
3247,207,1371.45,withdrawal,False,2025-09-30
3248,479,494.09,payment,False,2024-12-14
3249,439,793.82,withdrawal,False,2023-12-14
3250,462,705.54,payment,False,2023-03-13
3251,267,1327.62,transfer,False,2023-09-24
3252,154,130.16,deposit,False,2024-01-14
3253,42,397.18,payment,False,2024-06-02
3254,411,2031.92,payment,True,2025-09-24
3255,11,332.38,payment,False,2025-08-04
3256,294,584.26,payment,False,2023-06-24
3257,98,1133.97,payment,False,2025-03-07
3258,427,1293.29,payment,False,2024-12-11
3259,275,1909.26,withdrawal,False,2025-06-11
3260,448,1118.88,payment,False,2025-09-30
3261,390,1974.87,deposit,False,2025-09-30
3262,430,1546.25,deposit,False,2025-09-23
3263,372,283.64,payment,False,2024-06-20
3264,230,391.67,deposit,False,2025-09-30
3265,369,1093.15,payment,False,2024-12-17
3266,426,992.83,payment,False,2025-06-30
3267,220,1859.12,withdrawal,False,2025-09-30
3268,65,1452.26,payment,False,2025-09-28
3269,355,970.94,payment,False,2023-01-09
3270,232,427.73,deposit,False,2025-01-30
3271,328,567.87,transfer,False,2024-01-13
3272,443,1439.18,withdrawal,False,2024-02-04
3273,52,1059.17,deposit,False,2023-09-04
3274,374,1287.8,payment,False,2024-06-20
3275,431,427.52,payment,False,2024-09-05
3276,376,1657.6,withdrawal,False,2023-11-20
3277,263,2131.49,payment,False,2023-07-27
3278,267,645.59,payment,False,2023-10-11
3279,359,1229.29,payment,False,2025-07-25
3280,317,2438.84,withdrawal,False,2025-09-30
3281,324,833.77,payment,True,2025-01-29
3282,409,1488.02,withdrawal,False,2024-11-30
3283,396,226.4,payment,False,2025-09-30
3284,154,1515.43,payment,False,2023-11-29
3285,358,224.99,payment,False,2022-08-11
3286,366,2398.13,payment,False,2025-09-30
3287,140,1789.44,deposit,False,2023-01-29
3288,427,1970.61,payment,False,2024-05-15
3289,51,1760.56,payment,False,2025-09-30
3290,117,1474.73,payment,False,2024-01-24
3291,421,1125.33,payment,False,2025-06-26
3292,46,2146.08,payment,False,2025-09-30
3293,309,2392.13,payment,True,2024-12-06
3294,88,1248.09,transfer,False,2025-01-03
3295,208,2328.91,withdrawal,False,2025-09-30
3296,377,1458.75,payment,False,2025-01-15
3297,269,1346.42,payment,False,2023-01-11
3298,89,1136.75,payment,False,2024-10-19
3299,381,524.01,payment,False,2025-09-30
3300,118,10.3,withdrawal,False,2022-09-30
3301,54,604.52,deposit,False,2024-10-24
3302,441,1274.8,payment,False,2024-04-24
3303,116,950.52,deposit,False,2025-09-17
3304,118,1121.76,payment,False,2022-10-25
3305,260,2451.64,payment,False,2024-03-11
3306,75,876.33,payment,False,2025-09-30
3307,480,1131.01,payment,False,2025-09-30
3308,305,334.66,transfer,False,2025-09-30
3309,7,120.85,payment,False,2025-08-23
3310,366,1938.75,payment,False,2025-04-14
3311,122,1427.14,transfer,False,2025-07-14
3312,11,1902.0,deposit,False,2024-09-09
3313,348,375.51,deposit,False,2024-04-03
3314,438,1430.0,transfer,False,2023-12-08
3315,489,634.85,payment,False,2023-05-03
3316,215,570.93,deposit,False,2024-05-02
3317,429,29.8,withdrawal,False,2025-05-08
3318,279,326.72,deposit,False,2025-09-30
3319,498,773.86,deposit,False,2025-03-08
3320,28,293.08,payment,False,2022-11-08
3321,235,2464.66,deposit,False,2025-09-30
3322,367,772.27,payment,False,2025-05-03
3323,313,326.68,payment,False,2025-09-30
3324,26,498.51,payment,False,2025-09-30
3325,409,1469.67,transfer,False,2025-04-06
3326,54,161.04,payment,True,2024-10-09
3327,29,2156.22,payment,False,2025-03-30
3328,467,2403.79,payment,False,2024-06-14
3329,353,617.62,transfer,True,2023-04-01
3330,164,1125.79,payment,False,2025-09-30
3331,270,56.31,deposit,False,2025-09-30
3332,334,1602.13,deposit,False,2022-09-22
3333,35,1035.4,payment,False,2025-07-23
3334,286,675.88,payment,False,2025-07-31
3335,348,517.89,withdrawal,False,2022-08-09
3336,273,1635.4,transfer,False,2024-02-17
3337,451,1041.13,deposit,False,2024-03-10
3338,208,449.97,payment,False,2025-09-30
3339,238,1723.08,deposit,False,2024-02-17
3340,414,1413.12,payment,False,2025-03-20
3341,500,2146.82,payment,False,2023-08-11
3342,93,294.57,deposit,False,2025-07-14
3343,173,1964.38,payment,False,2022-05-10
3344,79,1684.12,deposit,False,2025-07-13
3345,110,288.41,payment,False,2025-09-30
3346,217,1737.36,deposit,False,2025-09-30
3347,435,1104.43,payment,False,2025-03-31
3348,358,2362.52,payment,False,2022-06-01
3349,106,354.89,deposit,False,2023-07-05
3350,47,1607.44,payment,False,2024-06-22
3351,181,955.57,payment,False,2025-09-30
3352,64,2392.08,transfer,False,2024-11-10
3353,246,825.61,payment,False,2025-02-16
3354,244,2405.5,transfer,False,2025-05-09
3355,422,2253.81,payment,False,2025-06-28
3356,320,676.69,payment,False,2024-08-18
3357,87,2009.05,deposit,False,2025-09-25
3358,217,2489.01,withdrawal,False,2025-04-08
3359,490,632.4,payment,False,2025-09-30
3360,7,1092.51,payment,False,2025-03-14
3361,278,1300.93,deposit,False,2025-09-30
3362,337,738.03,payment,False,2024-04-03
3363,210,39.15,payment,False,2023-10-03
3364,497,551.1,payment,False,2024-07-01
3365,169,705.56,payment,False,2025-05-05
3366,330,1109.56,payment,False,2025-09-30
3367,138,428.59,payment,False,2023-01-01
3368,441,2183.26,payment,False,2023-12-24
3369,391,1762.57,payment,False,2024-11-27
3370,496,213.92,payment,False,2025-09-30
3371,381,1625.58,withdrawal,False,2025-06-13
3372,306,1634.49,payment,False,2023-06-08
3373,230,2390.6,deposit,False,2025-09-30
3374,475,8.55,withdrawal,False,2024-03-05
3375,308,620.58,payment,False,2025-09-30
3376,161,2319.55,withdrawal,False,2023-11-09
3377,1,2330.4,payment,False,2025-09-30
3378,236,1801.75,deposit,False,2025-09-30
3379,437,1914.64,transfer,False,2025-08-07
3380,188,229.62,payment,False,2024-03-13
3381,418,1285.18,withdrawal,False,2024-07-14
3382,4,579.73,payment,False,2025-04-13
3383,401,453.86,payment,False,2023-11-18
3384,132,2025.95,deposit,False,2024-06-09
3385,427,338.46,payment,False,2024-10-26
3386,218,1172.16,payment,False,2025-09-30
3387,260,2346.51,payment,False,2023-06-03
3388,1,465.39,withdrawal,False,2025-09-30
3389,71,2445.01,payment,False,2023-01-05
3390,478,2485.73,transfer,False,2025-06-03
3391,178,1389.49,payment,False,2024-02-14
3392,457,426.19,payment,False,2025-09-30
3393,189,790.95,withdrawal,False,2025-09-30
3394,291,1061.81,payment,False,2024-06-09
3395,8,774.0,withdrawal,False,2023-03-04
3396,253,702.31,payment,False,2024-11-08
3397,408,2430.6,payment,False,2023-09-29
3398,467,384.26,payment,False,2024-12-11
3399,292,1833.59,transfer,False,2025-08-18
3400,434,2.03,payment,False,2023-04-10
3401,244,1490.86,deposit,False,2025-09-30
3402,123,2289.94,payment,False,2025-09-30
3403,299,720.55,payment,False,2025-09-30
3404,283,464.63,payment,False,2023-11-19
3405,32,1629.55,transfer,False,2022-11-29
3406,334,1781.79,withdrawal,False,2022-10-02
3407,377,1720.39,withdrawal,False,2025-09-30
3408,146,798.97,payment,False,2025-02-26
3409,156,631.25,payment,False,2022-04-11
3410,413,2389.84,payment,False,2025-09-30
3411,16,2308.33,transfer,False,2024-09-03
3412,355,1143.83,payment,False,2023-01-19
3413,47,2115.64,payment,False,2024-04-09
3414,251,1131.36,payment,False,2023-11-03
3415,187,1061.55,payment,False,2023-08-15
3416,31,392.75,payment,False,2022-11-26
3417,260,1066.59,deposit,False,2024-02-09
3418,421,1344.0,payment,False,2024-06-23
3419,17,57.24,deposit,False,2024-11-18
3420,39,1110.84,deposit,False,2023-10-22
3421,304,1953.61,payment,False,2022-09-12
3422,430,1700.44,payment,False,2024-03-25
3423,474,1588.26,payment,False,2024-07-29
3424,432,2273.98,transfer,False,2024-04-22
3425,39,46.06,payment,False,2024-08-08
3426,489,1393.06,payment,False,2023-12-07
3427,132,1968.58,payment,False,2025-07-03
3428,30,1353.8,payment,False,2023-08-11
3429,158,810.41,payment,False,2025-08-10
3430,278,341.49,payment,False,2025-09-30
3431,203,2219.02,deposit,False,2022-12-12
3432,66,1177.44,deposit,False,2024-11-17
3433,108,2195.41,payment,False,2024-11-14
3434,268,1465.04,payment,False,2023-02-28
3435,222,1685.81,deposit,False,2023-10-01
3436,292,2010.85,payment,False,2025-09-30
3437,18,1648.23,deposit,False,2024-12-14
3438,90,995.74,payment,False,2025-07-06
3439,181,1284.57,withdrawal,False,2025-09-30
3440,255,2007.81,payment,False,2023-10-24
3441,455,934.75,payment,False,2024-08-24
3442,253,970.92,deposit,False,2025-03-19
3443,257,240.13,payment,False,2025-08-04
3444,383,2286.55,payment,False,2024-01-05
3445,442,228.5,payment,False,2025-09-30
3446,346,1620.87,deposit,False,2023-10-19
3447,87,1033.57,payment,False,2025-06-23
3448,90,1014.64,deposit,False,2025-09-30
3449,237,1699.2,payment,False,2024-09-15
3450,390,168.67,payment,False,2025-09-30
3451,70,1484.67,deposit,False,2023-05-16
3452,44,1930.31,payment,False,2025-09-30
3453,200,2070.7,payment,False,2025-03-16
3454,152,427.16,payment,False,2022-06-30
3455,86,2243.65,payment,False,2025-05-22
3456,19,1640.71,withdrawal,False,2025-09-30
3457,101,2204.76,payment,False,2025-09-30
3458,402,1213.72,payment,False,2025-09-30
3459,95,1355.54,payment,False,2023-11-24
3460,254,2297.68,payment,False,2022-09-18
3461,357,2249.87,payment,False,2025-09-30
3462,30,1120.95,transfer,False,2023-12-16
3463,249,686.76,deposit,False,2023-08-08
3464,426,983.53,payment,False,2025-09-30
3465,33,970.02,payment,False,2022-09-27
3466,458,717.88,transfer,False,2024-03-08
3467,229,672.18,payment,False,2023-07-13
3468,12,2152.8,payment,False,2024-05-14
3469,118,175.58,deposit,False,2024-06-12
3470,350,1694.35,payment,False,2024-10-12
3471,155,432.88,payment,False,2024-04-05
3472,423,861.92,transfer,False,2024-06-13
3473,393,154.8,withdrawal,False,2024-03-18
3474,246,675.66,payment,False,2024-09-20
3475,405,1921.28,payment,False,2025-09-30
3476,332,2212.65,payment,False,2024-01-23
3477,247,554.6,deposit,False,2022-10-13
3478,29,1159.41,payment,False,2025-09-30
3479,161,1176.34,payment,False,2023-07-09
3480,235,2184.06,transfer,False,2025-09-30
3481,190,1907.23,payment,False,2025-01-28
3482,117,1283.18,payment,False,2024-03-22
3483,271,1677.2,payment,False,2025-02-22
3484,258,2118.54,payment,False,2025-01-16
3485,180,24.84,payment,False,2025-06-30
3486,487,1007.82,transfer,False,2023-12-19
3487,373,2268.2,deposit,False,2024-11-03
3488,172,1851.04,payment,False,2024-02-03
3489,438,1357.56,payment,False,2023-06-30
3490,274,1324.58,payment,False,2023-01-31
3491,259,870.08,payment,True,2025-07-23
3492,135,1301.78,payment,False,2025-09-30
3493,171,1638.8,transfer,False,2024-11-06
3494,210,1046.49,payment,False,2022-09-04
3495,236,1785.67,payment,False,2025-05-19
3496,422,2153.22,payment,False,2025-09-30
3497,421,387.56,payment,False,2023-12-16
3498,186,1129.42,payment,False,2025-09-18
3499,417,1020.64,payment,False,2025-09-30
3500,364,1718.97,payment,False,2024-05-19
3501,443,625.42,withdrawal,False,2022-06-29
3502,95,1600.99,payment,False,2024-06-28
3503,378,2193.85,payment,False,2025-09-30
3504,11,1045.91,payment,False,2024-11-22
3505,68,2277.63,deposit,False,2023-09-29
3506,379,2482.92,payment,False,2024-09-26
3507,210,266.12,payment,False,2022-04-30
3508,196,583.4,payment,False,2024-11-26
3509,369,2376.0,withdrawal,False,2024-09-30
3510,98,2395.86,payment,False,2024-08-10
3511,93,245.17,payment,False,2025-09-21
3512,472,38.48,payment,False,2023-01-17
3513,22,403.59,payment,False,2025-04-13
3514,450,2490.04,payment,False,2025-09-30
3515,172,450.82,payment,False,2024-01-25
3516,383,1256.87,deposit,False,2023-10-14
3517,134,2121.2,withdrawal,False,2025-09-30
3518,426,51.98,payment,False,2025-09-30
3519,25,1511.62,payment,False,2024-05-26
3520,185,693.29,payment,False,2025-06-30
3521,85,2155.97,payment,False,2024-06-23
3522,55,709.37,deposit,False,2025-08-04
3523,251,1717.2,transfer,False,2023-04-11
3524,144,1685.87,payment,False,2023-01-04
3525,351,554.51,payment,False,2023-02-27
3526,398,87.96,payment,False,2025-04-10
3527,167,1023.71,withdrawal,False,2025-09-30
3528,412,723.69,withdrawal,False,2024-03-01
3529,224,2022.64,deposit,False,2025-09-30
3530,220,2001.11,deposit,False,2025-09-30
3531,179,1143.1,payment,False,2024-12-04
3532,119,1516.67,withdrawal,False,2025-08-18
3533,433,1511.04,withdrawal,False,2025-07-23
3534,265,2068.07,payment,False,2023-12-02
3535,442,1063.08,payment,False,2025-09-30
3536,429,689.34,withdrawal,False,2024-03-01
3537,150,663.32,payment,False,2024-01-22
3538,416,1340.94,withdrawal,False,2025-05-30
3539,453,1123.42,withdrawal,False,2025-09-11
3540,215,1100.86,withdrawal,False,2024-10-28
3541,197,228.75,withdrawal,False,2024-07-15
3542,42,1796.79,payment,False,2025-01-29
3543,53,535.13,withdrawal,False,2025-09-30
3544,480,493.19,payment,False,2025-06-24
3545,443,1032.48,payment,False,2024-01-18
3546,330,570.22,payment,False,2025-09-30
3547,251,1460.06,payment,False,2023-11-22
3548,295,929.29,payment,False,2023-10-14
3549,378,1122.83,transfer,False,2025-09-19
3550,271,1343.39,payment,False,2025-02-04
3551,455,509.64,payment,False,2023-10-05
3552,413,390.22,payment,False,2025-09-30
3553,123,2201.17,payment,False,2025-09-30
3554,367,1084.88,deposit,False,2024-07-09
3555,387,1030.82,payment,False,2023-08-27
3556,339,89.99,withdrawal,False,2024-02-16
3557,266,1245.44,withdrawal,False,2025-09-02
3558,348,1385.87,payment,False,2022-08-18
3559,29,1397.54,deposit,False,2025-09-30
3560,463,1767.87,payment,False,2022-10-13
3561,35,444.53,payment,False,2025-09-30
3562,6,631.31,deposit,False,2024-05-06
3563,396,2027.02,deposit,False,2025-09-30
3564,111,2367.98,payment,False,2025-09-30
3565,294,340.7,payment,False,2023-02-04
3566,77,1244.63,payment,False,2025-09-30
3567,349,536.23,payment,False,2023-12-13
3568,147,151.12,transfer,False,2024-09-11
3569,67,814.43,payment,False,2023-04-17
3570,392,360.08,payment,False,2025-05-10
3571,8,1775.12,deposit,False,2024-06-11
3572,122,1334.78,payment,False,2025-07-19
3573,340,360.44,payment,False,2023-04-10
3574,175,24.09,transfer,False,2024-09-18
3575,388,2020.58,deposit,False,2025-09-30
3576,179,441.31,deposit,False,2025-08-14
3577,85,1515.94,payment,False,2025-03-30
3578,451,842.97,deposit,False,2024-03-13
3579,45,1464.13,payment,False,2025-09-30
3580,136,789.82,payment,False,2025-09-30
3581,343,218.26,transfer,False,2023-06-02
3582,16,558.15,payment,False,2025-07-21
3583,333,470.96,deposit,False,2025-09-30
3584,195,1070.62,payment,False,2024-01-08
3585,496,1646.05,payment,False,2025-09-30
3586,9,660.25,deposit,False,2025-09-30
3587,316,31.16,payment,False,2025-04-17
3588,334,1297.82,withdrawal,False,2023-08-04
3589,333,1514.79,payment,False,2025-09-30
3590,327,2407.21,transfer,False,2023-12-25
3591,15,1474.09,payment,False,2023-08-25
3592,327,1178.46,payment,False,2023-07-21
3593,102,1433.93,payment,False,2025-07-20
3594,226,2319.82,transfer,False,2024-03-08
3595,425,2071.12,withdrawal,False,2025-05-03
3596,278,808.12,withdrawal,False,2025-09-30
3597,408,593.9,payment,False,2023-08-27
3598,113,657.32,payment,False,2025-09-30
3599,485,1261.55,payment,False,2022-11-04
3600,428,1860.38,payment,False,2023-09-27
3601,1,1258.54,payment,False,2025-06-27
3602,266,170.42,transfer,False,2025-08-28
3603,491,1809.23,deposit,False,2023-03-24
3604,208,2015.12,payment,False,2025-09-30
3605,110,724.46,payment,False,2025-09-30
3606,200,1660.65,deposit,False,2025-02-17
3607,440,1067.05,payment,False,2025-09-30
3608,369,2222.91,payment,False,2025-05-03
3609,473,2113.22,payment,False,2024-07-24
3610,306,1314.05,payment,False,2023-11-07
3611,12,1729.07,deposit,True,2023-07-12
3612,345,2208.49,payment,False,2025-09-30
3613,465,1239.8,payment,False,2025-07-07
3614,188,783.81,payment,False,2024-11-18
3615,154,1884.41,withdrawal,False,2023-10-08
3616,494,550.95,payment,False,2025-07-07
3617,368,971.94,payment,False,2025-08-17
3618,334,2164.45,transfer,True,2023-06-24
3619,425,1811.33,transfer,False,2025-09-30
3620,420,1010.12,transfer,False,2024-11-04
3621,377,537.65,deposit,False,2025-09-30
3622,279,890.57,payment,False,2025-09-30
3623,171,710.98,payment,False,2023-08-01
3624,134,441.05,payment,False,2025-01-07
3625,495,1858.59,payment,False,2025-03-10
3626,453,630.92,transfer,False,2024-11-29
3627,427,1135.96,deposit,False,2024-12-06
3628,25,965.26,withdrawal,False,2024-11-24
3629,18,2455.21,payment,False,2024-07-20
3630,190,978.34,transfer,False,2024-10-15
3631,141,200.88,deposit,False,2024-09-23
3632,43,225.47,payment,False,2023-05-13
3633,334,1477.29,deposit,False,2024-03-13
3634,284,1498.81,payment,False,2023-03-25
3635,146,1047.48,payment,False,2025-03-21
3636,315,1080.18,withdrawal,False,2023-06-28
3637,444,135.78,withdrawal,False,2025-09-30
3638,319,1291.85,payment,False,2022-12-01
3639,441,1262.34,payment,False,2025-02-28
3640,92,374.72,transfer,True,2025-03-23
3641,179,260.49,withdrawal,False,2023-12-16
3642,56,309.81,withdrawal,False,2023-08-30
3643,155,253.47,payment,False,2024-09-30
3644,160,1524.66,payment,False,2025-09-30
3645,111,492.01,payment,False,2025-09-30
3646,137,629.32,payment,False,2024-06-11
3647,232,434.76,payment,False,2025-01-24
3648,480,2394.63,payment,False,2025-09-30
3649,468,2136.69,payment,False,2025-09-30
3650,220,577.01,payment,False,2025-09-08
3651,481,819.59,deposit,False,2025-09-30
3652,68,525.52,payment,False,2023-03-17
3653,302,1230.2,payment,False,2024-03-19
3654,249,50.01,payment,True,2024-02-12
3655,482,1678.75,payment,False,2023-12-10
3656,496,1308.37,payment,False,2025-09-30
3657,323,2246.7,transfer,False,2025-09-30
3658,410,411.82,deposit,False,2025-09-30
3659,392,2010.47,payment,False,2025-05-27
3660,6,1980.11,payment,False,2024-08-07
3661,464,318.83,payment,False,2024-04-17
3662,280,997.0,deposit,False,2024-03-20
3663,432,426.21,payment,False,2024-06-09
3664,487,637.55,payment,False,2023-05-23
3665,94,658.85,deposit,False,2023-11-16
3666,429,1391.03,deposit,False,2025-09-30
3667,269,1029.12,deposit,False,2023-10-11
3668,197,2369.38,deposit,False,2022-09-22
3669,25,316.8,transfer,False,2023-05-14
3670,148,2434.26,payment,False,2023-10-03
3671,118,577.37,payment,False,2023-03-17
3672,338,1932.41,deposit,False,2025-04-05
3673,367,848.09,withdrawal,False,2024-12-13
3674,338,358.56,transfer,False,2025-01-19
3675,66,2144.87,payment,False,2024-12-28
3676,458,772.84,payment,False,2023-08-07
3677,301,1647.48,payment,False,2025-09-30
3678,370,1416.54,payment,False,2024-07-17
3679,175,1179.92,payment,False,2024-11-13
3680,319,1240.05,withdrawal,False,2023-04-02
3681,76,1830.86,payment,False,2025-09-30
3682,495,220.34,withdrawal,False,2025-07-06
3683,461,1670.78,withdrawal,False,2025-06-18
3684,114,2239.63,payment,False,2023-12-13
3685,111,145.41,payment,False,2025-09-30
3686,249,352.49,withdrawal,False,2023-06-16
3687,439,1791.86,deposit,False,2024-04-19
3688,203,1093.77,deposit,False,2023-11-02
3689,147,1009.47,deposit,False,2023-09-11
3690,35,343.28,transfer,False,2024-10-08
3691,487,1267.42,payment,False,2024-05-26
3692,309,317.24,transfer,False,2023-09-26
3693,26,1192.07,deposit,False,2025-09-30
3694,238,1909.27,deposit,False,2023-08-21
3695,14,646.4,payment,False,2025-09-30
3696,374,1202.48,transfer,False,2024-07-25
3697,45,2480.05,payment,False,2025-06-14
3698,428,1716.94,deposit,False,2023-06-10
3699,216,2103.55,payment,False,2025-08-26
3700,233,1037.7,payment,False,2024-12-07
3701,193,1919.88,payment,False,2024-07-17
3702,51,102.23,payment,False,2025-06-01
3703,427,308.16,payment,False,2024-06-22
3704,375,508.47,deposit,False,2023-09-04
3705,214,1005.48,payment,False,2024-06-13
3706,151,2114.52,payment,False,2022-11-12
3707,440,866.32,payment,False,2025-09-30
3708,275,1636.9,payment,False,2025-09-29
3709,338,1773.58,payment,False,2024-01-08
3710,76,1465.87,payment,False,2025-01-04
3711,439,893.75,payment,False,2023-06-13
3712,220,1443.06,withdrawal,False,2025-09-30
3713,348,856.32,payment,False,2023-08-24
3714,444,210.6,payment,False,2025-09-30
3715,187,2482.02,payment,False,2025-02-18
3716,289,318.83,transfer,False,2025-09-30
3717,403,181.8,payment,False,2025-09-30
3718,28,2196.45,payment,False,2023-04-30
3719,379,755.28,payment,False,2023-08-25
3720,180,1626.09,payment,False,2025-01-30
3721,253,823.19,payment,False,2025-09-30
3722,126,979.24,payment,False,2025-09-30
3723,177,656.02,payment,False,2025-09-30
3724,37,858.27,payment,False,2023-01-05
3725,410,1027.34,payment,False,2025-09-30
3726,99,1801.32,withdrawal,False,2025-05-06
3727,98,1279.33,transfer,False,2024-12-02
3728,127,2358.97,payment,False,2025-09-30
3729,483,105.66,withdrawal,False,2022-03-21
3730,168,1258.17,transfer,False,2023-11-17
3731,80,1460.98,deposit,False,2022-10-18
3732,294,2300.57,payment,False,2023-01-26
3733,333,123.85,withdrawal,False,2025-09-25
3734,126,1434.18,payment,False,2025-01-22
3735,343,2134.22,payment,False,2023-03-03
3736,310,605.58,payment,False,2025-09-30
3737,150,2190.85,payment,False,2023-10-15
3738,16,48.59,payment,False,2024-09-13
3739,28,1831.4,payment,False,2023-02-16
3740,496,2332.85,withdrawal,False,2025-09-30
3741,419,1643.34,payment,False,2024-04-15
3742,444,1098.13,payment,False,2025-02-07
3743,173,113.16,payment,False,2022-06-16
3744,46,2300.36,payment,False,2025-09-30
3745,328,1176.27,payment,False,2022-05-16
3746,236,73.46,transfer,False,2025-09-30
3747,439,1724.86,payment,False,2023-11-29
3748,214,1205.11,payment,False,2024-07-15
3749,85,311.74,deposit,False,2024-10-24
3750,282,536.47,payment,False,2023-11-09
3751,232,162.16,deposit,False,2023-09-21
3752,85,1436.16,payment,False,2023-11-17
3753,409,1555.45,payment,False,2025-09-30
3754,489,1264.85,payment,False,2023-04-17
3755,65,2042.94,payment,False,2024-06-21
3756,134,2152.66,payment,False,2025-09-30
3757,151,1539.45,deposit,False,2023-07-11
3758,115,32.88,withdrawal,False,2025-09-30
3759,64,1738.38,withdrawal,False,2025-09-30
3760,343,1045.58,deposit,False,2023-10-21
3761,427,1414.33,payment,False,2023-05-10
3762,363,1623.05,withdrawal,False,2024-02-02
3763,407,876.24,payment,False,2023-07-31
3764,352,2292.83,deposit,False,2022-12-08
3765,158,335.8,payment,False,2025-09-30
3766,77,1679.11,withdrawal,False,2025-09-30
3767,491,11.89,deposit,False,2023-03-23
3768,146,2311.7,payment,False,2024-03-20
3769,343,282.15,payment,False,2022-06-17
3770,463,238.12,payment,False,2023-03-02
3771,225,833.19,payment,False,2025-09-30
3772,405,934.54,withdrawal,False,2025-09-30
3773,313,536.54,transfer,False,2025-07-09
3774,103,1463.22,payment,True,2025-09-30
3775,407,1107.84,payment,False,2024-10-28
3776,347,86.4,withdrawal,False,2025-01-01
3777,301,799.81,payment,False,2025-09-30
3778,428,2026.27,payment,False,2023-11-04
3779,466,1724.56,transfer,False,2023-11-07
3780,88,1812.45,withdrawal,False,2025-09-30
3781,371,1745.59,payment,False,2025-09-30
3782,303,778.12,payment,False,2025-09-30
3783,168,250.06,withdrawal,False,2024-02-26
3784,435,681.9,deposit,False,2023-09-13
3785,170,2079.63,deposit,False,2022-11-09
3786,135,2451.2,payment,False,2025-09-30
3787,50,1235.12,transfer,False,2025-02-22
3788,432,25.24,payment,False,2024-11-19
3789,340,350.97,withdrawal,False,2022-08-03
3790,347,805.88,payment,False,2025-09-25
3791,134,1446.88,payment,False,2025-09-30
3792,347,188.66,transfer,False,2025-09-30
3793,137,2358.45,payment,False,2023-05-20
3794,245,913.34,payment,False,2023-10-22
3795,109,2281.55,deposit,False,2024-02-07
3796,313,1951.52,withdrawal,False,2025-09-30
3797,287,1888.84,deposit,False,2025-09-30
3798,21,1517.19,payment,True,2025-06-21
3799,90,1567.33,payment,False,2025-06-17
3800,296,1595.37,transfer,False,2025-09-30
3801,112,1572.17,payment,False,2025-08-17
3802,301,1384.77,deposit,False,2025-09-30
3803,77,2466.05,payment,False,2025-09-30
3804,177,1830.99,deposit,False,2025-09-30
3805,343,1942.59,payment,False,2023-06-25
3806,148,2181.28,payment,False,2023-05-04
3807,101,539.88,deposit,False,2025-09-16
3808,246,210.43,payment,False,2024-10-10
3809,117,1207.75,withdrawal,False,2023-08-11
3810,92,1285.69,deposit,False,2025-08-25
3811,401,2073.13,withdrawal,False,2022-05-01
3812,28,1110.02,transfer,False,2024-01-08
3813,425,1427.56,payment,False,2025-09-30
3814,450,1318.15,payment,False,2025-09-30
3815,25,96.47,payment,False,2025-02-09
3816,58,1538.42,payment,False,2024-08-21
3817,498,2070.28,payment,False,2025-01-04
3818,297,394.59,payment,False,2023-10-07
3819,134,1486.24,payment,False,2025-09-30
3820,331,1484.43,payment,False,2023-11-03
3821,249,411.3,payment,False,2023-09-27
3822,38,309.54,deposit,False,2024-03-10
3823,390,2450.15,payment,False,2025-07-03
3824,429,984.9,payment,False,2024-04-28
3825,75,569.33,deposit,False,2025-09-30
3826,142,429.14,payment,False,2025-03-21
3827,322,1669.34,transfer,False,2025-05-21
3828,168,1524.0,withdrawal,False,2024-01-25
3829,259,1609.24,payment,False,2025-08-22
3830,373,220.93,withdrawal,False,2025-05-17
3831,355,2233.94,deposit,False,2023-07-15
3832,225,973.78,payment,False,2025-09-30
3833,152,784.11,deposit,False,2022-09-08
3834,19,1156.44,payment,False,2025-09-30
3835,146,975.78,payment,False,2024-07-17
3836,448,2159.08,payment,False,2024-09-25
3837,241,2323.22,payment,False,2023-10-13
3838,372,759.33,payment,False,2024-02-18
3839,381,2159.98,transfer,False,2025-09-30
3840,344,1954.03,payment,False,2025-06-01
3841,237,2327.09,payment,False,2024-08-05
3842,35,615.13,payment,False,2025-01-08
3843,190,1442.82,deposit,False,2025-09-30
3844,1,687.09,transfer,False,2025-09-30
3845,484,2060.41,deposit,False,2025-07-28
3846,153,14.31,transfer,False,2024-09-26
3847,429,1412.48,deposit,False,2025-01-25
3848,433,848.67,transfer,False,2025-02-28
3849,126,807.39,withdrawal,False,2024-10-30
3850,491,1612.62,payment,False,2024-07-20
3851,482,2128.86,payment,False,2023-08-31
3852,345,1523.38,withdrawal,False,2025-09-30
3853,400,2133.08,payment,False,2022-11-15
3854,226,662.23,payment,False,2024-12-14
3855,221,1299.24,payment,False,2025-09-30
3856,403,1126.89,transfer,False,2025-09-26
3857,407,30.1,payment,False,2024-03-04
3858,211,1392.47,deposit,False,2025-09-30
3859,25,1654.15,withdrawal,False,2023-05-08
3860,16,1480.19,transfer,False,2025-04-27
3861,182,1840.96,transfer,False,2023-06-05
3862,499,1428.78,deposit,False,2025-09-30
3863,329,167.81,payment,False,2025-03-18
3864,129,292.0,payment,False,2025-03-28
3865,42,1491.59,payment,False,2025-05-14
3866,403,688.17,deposit,False,2025-09-30
3867,481,200.03,deposit,False,2025-09-30
3868,418,1074.58,deposit,False,2025-02-16
3869,336,1386.25,payment,False,2025-09-30
3870,236,822.54,payment,False,2025-03-06
3871,360,1801.36,payment,False,2025-09-30
3872,439,1609.78,payment,False,2022-10-15
3873,402,832.71,payment,True,2025-07-13
3874,34,1887.43,payment,False,2025-09-30
3875,345,1622.09,deposit,False,2025-09-30
3876,381,1593.98,payment,False,2025-09-30
3877,45,1384.02,payment,False,2025-09-30
3878,134,29.46,transfer,False,2025-04-09
3879,21,1741.57,payment,False,2025-09-22
3880,122,940.73,payment,False,2025-04-03
3881,70,2356.58,payment,False,2022-11-04
3882,352,2045.14,payment,False,2023-03-30
3883,361,1469.65,payment,False,2024-02-21
3884,48,631.2,payment,False,2024-10-14
3885,491,510.09,payment,True,2024-02-01
3886,39,851.62,payment,False,2024-01-27
3887,287,1191.94,payment,False,2025-09-30
3888,490,740.87,deposit,False,2025-09-30
3889,10,1287.81,payment,False,2025-09-30
3890,30,414.26,transfer,False,2023-12-19
3891,244,2444.3,payment,False,2025-09-30
3892,274,270.7,payment,False,2023-11-26
3893,444,2329.93,deposit,False,2025-09-30
3894,88,2284.03,payment,False,2025-09-30
3895,244,1313.88,payment,False,2025-08-10
3896,381,1812.55,withdrawal,False,2025-09-30
3897,329,1090.68,payment,False,2024-03-11
3898,479,1575.46,deposit,False,2024-06-10
3899,15,852.1,transfer,False,2022-12-15
3900,4,753.6,payment,False,2024-03-18
3901,191,1446.0,payment,False,2024-04-12
3902,168,1245.83,payment,False,2023-10-04
3903,9,1449.26,transfer,False,2025-09-30
3904,109,717.36,deposit,False,2024-04-02
3905,137,918.03,transfer,False,2024-01-01
3906,154,210.66,payment,False,2024-05-14
3907,388,131.64,deposit,False,2025-09-30
3908,209,634.39,payment,True,2023-10-01
3909,272,186.54,payment,False,2025-09-30
3910,143,260.33,transfer,True,2025-03-20
3911,99,2032.51,payment,False,2025-06-15
3912,377,98.15,transfer,False,2025-09-30
3913,308,1647.7,payment,False,2025-09-30
3914,69,682.12,deposit,False,2025-01-22
3915,247,2178.99,payment,False,2023-05-19
3916,261,1213.0,payment,False,2025-09-18
3917,276,764.64,payment,False,2024-04-10
3918,79,1294.58,payment,False,2025-04-21
3919,146,955.51,payment,False,2025-02-01
3920,111,1411.19,withdrawal,False,2025-09-30
3921,258,287.22,payment,False,2024-09-06
3922,93,2492.48,payment,False,2024-08-06
3923,13,1064.46,payment,True,2025-09-23
3924,260,871.23,payment,False,2024-10-22
3925,426,1775.81,deposit,False,2025-09-30
3926,109,910.38,deposit,False,2024-08-06
3927,330,2083.35,payment,False,2025-03-29
3928,189,1136.22,payment,False,2024-12-29
3929,95,1799.18,deposit,False,2023-12-03
3930,105,269.53,payment,False,2022-08-22
3931,8,2115.45,payment,False,2024-01-05
3932,67,1839.56,payment,False,2023-09-14
3933,496,530.08,payment,False,2025-09-30
3934,191,364.07,payment,False,2024-09-06
3935,366,791.41,payment,False,2025-03-17
3936,256,2440.2,withdrawal,False,2025-08-16
3937,9,642.82,payment,False,2025-09-30
3938,478,1140.86,payment,False,2024-08-11
3939,117,76.02,payment,False,2024-05-12
3940,267,993.67,payment,False,2024-08-15
3941,99,1428.73,payment,False,2024-07-26
3942,485,2382.86,transfer,False,2023-05-08
3943,298,1292.32,payment,False,2025-06-13
3944,397,2047.95,withdrawal,False,2023-07-17
3945,164,1368.27,payment,True,2025-09-30
3946,376,102.92,withdrawal,False,2023-12-16
3947,141,788.21,payment,False,2024-05-02
3948,268,1439.3,payment,False,2023-10-21
3949,37,2376.53,deposit,False,2023-06-23
3950,74,2147.97,payment,False,2022-08-12
3951,73,571.66,deposit,False,2024-05-15
3952,308,551.05,payment,False,2025-09-30
3953,199,503.73,transfer,False,2025-09-30
3954,130,2306.32,deposit,False,2025-05-30
3955,246,2131.81,transfer,False,2024-08-25
3956,312,1937.43,payment,False,2025-08-24
3957,60,982.45,payment,False,2023-11-18
3958,279,1261.45,deposit,False,2025-09-30
3959,103,1161.37,deposit,False,2025-09-13
3960,296,634.24,transfer,False,2025-06-13
3961,320,1263.07,payment,False,2025-09-30
3962,487,77.21,deposit,False,2022-12-27
3963,341,330.39,payment,False,2022-09-12
3964,151,2216.59,payment,False,2022-09-15
3965,157,1879.45,payment,False,2025-02-21
3966,206,1057.75,payment,False,2024-04-15
3967,474,1293.36,transfer,False,2025-04-08
3968,179,925.63,payment,False,2024-10-12
3969,197,1852.21,withdrawal,False,2023-07-22
3970,223,1960.68,payment,False,2022-08-25
3971,89,1908.45,payment,False,2023-02-16
3972,287,1806.81,payment,False,2025-09-30
3973,434,512.06,payment,False,2024-01-11
3974,276,845.59,payment,False,2023-10-06
3975,236,1175.14,deposit,False,2025-01-21
3976,183,827.65,transfer,False,2025-09-30
3977,209,1887.6,payment,False,2024-03-17
3978,493,824.05,payment,False,2024-04-28
3979,130,346.44,payment,False,2025-09-30
3980,153,998.2,withdrawal,False,2023-08-31
3981,13,2449.81,payment,False,2025-09-30
3982,122,565.48,payment,False,2025-08-11
3983,359,1530.78,payment,False,2025-09-30
3984,220,1083.0,transfer,False,2025-09-30
3985,106,178.49,payment,False,2022-05-20
3986,375,1220.2,payment,False,2022-11-17
3987,70,1755.71,transfer,False,2023-03-15
3988,195,1283.54,withdrawal,False,2024-04-30
3989,186,2180.39,withdrawal,False,2025-06-06
3990,99,723.05,payment,False,2025-09-30
3991,82,216.54,transfer,False,2025-09-30
3992,75,2341.48,withdrawal,False,2025-09-30
3993,374,946.11,deposit,False,2023-01-20
3994,340,1441.44,withdrawal,False,2024-03-11
3995,192,1980.22,withdrawal,False,2024-05-09
3996,325,811.46,payment,False,2025-07-30
3997,467,1790.7,payment,False,2025-01-07
3998,214,339.41,deposit,False,2024-03-26
3999,315,728.94,payment,False,2023-10-08
4000,444,362.63,payment,False,2024-10-22
4001,467,2028.27,payment,False,2024-10-11
4002,382,557.4,deposit,False,2024-11-24
4003,367,1793.79,payment,False,2025-09-30
4004,318,2358.3,deposit,False,2025-03-22
4005,144,1319.9,withdrawal,False,2023-09-25
4006,384,1350.53,payment,False,2025-07-19
4007,216,1153.12,payment,False,2025-08-07
4008,361,815.4,payment,False,2024-05-11
4009,324,1189.66,payment,False,2025-07-13
4010,15,1507.42,payment,False,2024-04-15
4011,217,2464.99,payment,False,2025-09-30
4012,492,2344.47,transfer,False,2023-09-04
4013,439,2155.52,payment,False,2023-12-30
4014,35,2222.94,withdrawal,False,2024-12-12
4015,183,1170.16,payment,False,2025-09-30
4016,270,1643.95,withdrawal,False,2025-09-30
4017,433,2237.77,payment,False,2025-09-30
4018,467,982.98,withdrawal,False,2025-09-30
4019,358,2404.44,withdrawal,False,2024-02-05
4020,100,1040.05,withdrawal,False,2024-01-14
4021,7,1503.11,payment,False,2024-08-19
4022,30,1774.8,withdrawal,False,2024-09-02
4023,467,2376.53,payment,False,2025-09-30
4024,305,612.3,payment,False,2025-09-30
4025,473,1865.58,payment,False,2023-09-20
4026,144,1302.52,payment,False,2023-07-08
4027,111,672.12,payment,False,2025-09-20
4028,232,1941.74,withdrawal,False,2023-09-13
4029,179,1381.0,payment,False,2024-03-11
4030,72,1652.77,payment,False,2025-07-12
4031,210,807.93,payment,False,2023-03-20
4032,220,1203.7,withdrawal,False,2025-09-30
4033,80,1543.77,payment,False,2024-04-02
4034,500,1012.87,payment,False,2024-07-11
4035,83,496.73,withdrawal,False,2025-09-30
4036,42,2404.14,payment,False,2024-09-25
4037,273,1279.16,payment,False,2024-07-27
4038,191,1835.07,payment,False,2024-09-27
4039,173,1028.21,withdrawal,False,2023-08-09
4040,461,888.47,withdrawal,False,2025-09-30
4041,7,1018.5,payment,False,2025-09-30
4042,155,1023.58,payment,False,2024-07-28
4043,10,1360.91,payment,False,2025-09-30
4044,34,1359.13,withdrawal,False,2024-11-24
4045,36,1243.39,deposit,False,2024-07-28
4046,409,337.83,payment,False,2025-02-24
4047,6,1240.69,payment,False,2024-08-10
4048,408,423.59,deposit,False,2024-04-28
4049,402,316.21,deposit,False,2025-02-12
4050,215,2331.68,deposit,False,2023-10-19
4051,134,1512.77,withdrawal,False,2024-12-31
4052,285,1649.07,deposit,False,2022-03-20
4053,126,1005.08,payment,False,2025-09-30
4054,409,2272.54,payment,False,2025-02-11
4055,439,1595.19,payment,False,2024-01-30
4056,337,1923.16,withdrawal,False,2023-05-08
4057,174,922.04,payment,False,2024-07-07
4058,152,2400.07,payment,False,2023-07-14
4059,331,2051.33,payment,False,2023-05-23
4060,26,2135.02,payment,False,2025-09-30
4061,383,431.31,deposit,False,2023-11-13
4062,115,678.14,payment,False,2025-09-30
4063,382,714.78,payment,False,2024-12-21
4064,482,678.0,deposit,False,2023-11-01
4065,284,2138.66,payment,False,2024-08-08
4066,387,80.68,withdrawal,False,2022-12-15
4067,75,191.17,deposit,False,2025-09-30
4068,166,685.51,transfer,False,2024-06-10
4069,189,500.48,deposit,False,2024-07-18
4070,78,580.42,payment,False,2024-04-29
4071,435,1995.06,payment,False,2025-05-30
4072,90,1408.25,payment,False,2025-09-30
4073,176,15.42,payment,False,2023-01-23
4074,21,1073.88,payment,False,2024-05-13
4075,54,1020.3,payment,False,2024-06-22
4076,184,285.75,deposit,False,2025-09-30
4077,359,1690.68,payment,False,2025-09-30
4078,222,1755.54,payment,False,2024-12-15
4079,315,1802.51,payment,False,2023-08-03
4080,328,1821.45,payment,False,2023-01-13
4081,179,1.13,transfer,False,2025-02-20
4082,276,2384.85,payment,False,2023-01-22
4083,112,2035.71,withdrawal,False,2025-08-31
4084,224,2260.05,payment,False,2025-04-05
4085,214,40.09,payment,False,2024-09-18
4086,59,2334.71,payment,False,2024-02-07
4087,327,2024.66,deposit,False,2023-06-28
4088,393,2093.21,payment,False,2023-09-03
4089,109,234.13,payment,False,2024-12-10
4090,385,1847.21,payment,False,2024-03-13
4091,157,2399.83,deposit,False,2024-03-28
4092,191,1696.69,withdrawal,False,2024-06-11
4093,200,1426.83,payment,False,2024-07-13
4094,312,2364.13,payment,False,2025-09-06
4095,196,1107.9,deposit,False,2023-10-24
4096,35,1498.63,deposit,False,2025-08-14
4097,379,1191.37,deposit,False,2024-03-09
4098,387,2332.18,deposit,False,2022-12-16
4099,246,191.14,withdrawal,False,2024-03-16
4100,237,1253.3,payment,False,2024-10-31
4101,104,1717.69,deposit,False,2024-04-09
4102,7,1979.97,transfer,False,2025-05-24
4103,283,1457.96,payment,False,2025-07-03
4104,1,2272.39,payment,False,2025-09-30
4105,219,2355.04,transfer,False,2024-01-02
4106,464,161.73,payment,False,2024-02-09
4107,230,1006.52,deposit,False,2025-09-30
4108,455,59.62,payment,False,2024-01-13
4109,172,824.21,payment,False,2024-07-21
4110,87,1342.63,payment,False,2024-08-09
4111,41,2277.08,payment,False,2025-09-08
4112,123,2116.54,payment,False,2025-09-30
4113,331,319.62,payment,False,2023-05-09
4114,298,233.48,withdrawal,False,2024-12-19
4115,373,1473.58,transfer,False,2024-12-29
4116,417,1330.76,payment,False,2025-09-30
4117,178,666.68,payment,False,2025-09-30
4118,63,2248.73,payment,False,2025-01-27
4119,484,2318.49,payment,False,2025-06-18
4120,165,1007.13,payment,False,2023-04-30
4121,489,2225.87,payment,False,2023-08-16
4122,187,960.49,payment,False,2024-09-13
4123,383,1842.31,payment,False,2023-09-03
4124,209,1190.38,payment,False,2023-03-11
4125,227,307.34,withdrawal,False,2025-09-30
4126,432,2319.91,payment,False,2023-07-08
4127,389,1135.79,deposit,False,2022-05-21
4128,48,1836.48,transfer,False,2023-08-29
4129,224,918.57,transfer,False,2025-09-30
4130,3,48.18,transfer,False,2025-09-30
4131,372,252.23,payment,False,2024-12-15
4132,175,1241.05,payment,False,2025-09-06
4133,446,1725.22,payment,False,2024-12-27
4134,99,837.5,deposit,False,2024-11-11
4135,116,1739.03,deposit,True,2024-06-06
4136,270,1746.89,deposit,False,2025-09-30
4137,447,1760.14,payment,False,2024-08-06
4138,368,1231.81,deposit,False,2025-08-14
4139,253,2287.3,payment,False,2024-09-11
4140,317,1223.5,payment,False,2024-09-21
4141,415,1126.21,deposit,False,2024-04-05
4142,95,499.25,payment,False,2024-06-22
4143,273,769.83,transfer,False,2023-12-26
4144,380,106.79,payment,False,2025-09-06
4145,24,1584.2,deposit,False,2025-03-19
4146,116,622.09,payment,False,2024-12-28
4147,151,761.08,deposit,False,2023-10-02
4148,338,1927.27,deposit,False,2023-12-20
4149,50,818.73,transfer,False,2025-03-02
4150,206,606.25,payment,False,2025-09-30
4151,498,423.48,transfer,False,2025-01-05
4152,335,1937.37,payment,False,2022-11-07
4153,79,325.14,payment,False,2025-09-30
4154,70,1134.93,payment,False,2023-08-02
4155,27,1267.82,deposit,False,2023-05-09
4156,271,1718.79,payment,False,2025-09-30
4157,50,1583.58,deposit,False,2024-06-05
4158,292,2026.99,withdrawal,False,2025-09-11
4159,247,112.83,payment,False,2022-12-07
4160,264,741.81,transfer,False,2024-01-02
4161,79,701.06,payment,False,2025-09-10
4162,387,365.9,deposit,False,2024-01-29
4163,190,723.66,payment,False,2025-07-24
4164,47,775.1,payment,False,2024-06-06
4165,461,1305.19,payment,False,2024-12-22
4166,361,1659.6,payment,False,2024-09-25
4167,354,953.37,payment,False,2024-09-04
4168,472,1798.96,payment,False,2023-05-25
4169,488,841.08,payment,False,2025-09-30
4170,352,726.42,payment,False,2022-08-10
4171,189,1353.43,payment,False,2025-09-30
4172,416,60.27,deposit,False,2025-01-26
4173,256,200.39,payment,False,2025-05-18
4174,222,1045.51,deposit,False,2023-12-08
4175,372,2357.34,withdrawal,False,2024-04-01
4176,241,1804.06,withdrawal,False,2024-06-28
4177,269,221.23,withdrawal,False,2023-07-17
4178,1,2115.95,payment,False,2025-09-30
4179,34,1831.02,withdrawal,False,2025-09-30
4180,446,1527.76,payment,False,2025-09-30
4181,79,2050.91,deposit,False,2025-05-15
4182,236,1010.87,deposit,False,2025-03-26
4183,334,554.53,payment,False,2022-11-05
4184,377,1280.55,deposit,False,2024-12-22
4185,349,1372.56,payment,False,2023-03-09
4186,98,1346.28,payment,False,2024-09-19
4187,82,1413.12,payment,False,2025-09-30
4188,455,2371.81,deposit,False,2023-08-02
4189,477,2255.71,deposit,False,2023-07-25
4190,415,2189.42,deposit,False,2024-03-08
4191,192,2003.74,payment,False,2024-02-17
4192,253,2358.63,payment,False,2025-09-30
4193,409,247.14,withdrawal,False,2025-09-30
4194,38,663.54,payment,False,2023-07-17
4195,14,1238.14,withdrawal,False,2025-08-05
4196,392,2116.49,payment,False,2025-09-30
4197,347,1263.41,payment,False,2025-05-21
4198,310,1870.34,payment,False,2025-09-30
4199,386,348.26,withdrawal,False,2024-11-29
4200,209,631.78,payment,False,2024-02-24
4201,357,1829.71,payment,False,2025-09-30
4202,462,412.67,payment,False,2023-01-08
4203,89,879.04,payment,False,2023-09-23
4204,56,662.9,payment,False,2023-02-23
4205,94,875.3,payment,False,2025-02-12
4206,93,1771.1,withdrawal,False,2025-09-30
4207,340,920.25,payment,False,2022-08-07
4208,85,1388.6,deposit,False,2023-11-13
4209,445,250.73,withdrawal,False,2024-05-08
4210,245,2012.74,payment,True,2023-01-07
4211,22,925.35,payment,False,2024-11-11
4212,291,1621.69,deposit,False,2024-08-10
4213,485,1813.75,payment,False,2023-11-25
4214,272,524.94,payment,False,2025-09-30
4215,306,2211.8,payment,False,2023-09-24
4216,122,1540.94,withdrawal,False,2024-05-12
4217,128,1072.38,payment,False,2025-09-30
4218,113,456.66,transfer,False,2025-09-30
4219,427,2355.81,deposit,False,2023-07-08
4220,273,1887.92,payment,True,2024-12-08
4221,336,520.85,payment,False,2025-04-07
4222,442,844.94,payment,False,2025-09-30
4223,130,2024.38,payment,False,2024-10-24
4224,132,1739.5,payment,False,2025-05-07
4225,85,1914.69,payment,False,2024-11-07
4226,423,1103.56,payment,False,2025-08-13
4227,482,1791.47,payment,False,2022-10-25
4228,350,966.85,payment,False,2025-06-08
4229,390,528.95,transfer,False,2025-09-19
4230,81,1582.06,payment,False,2025-09-30
4231,487,2440.06,transfer,False,2023-03-07
4232,473,777.19,payment,False,2023-07-29
4233,325,1152.96,payment,False,2025-09-30
4234,69,1685.33,payment,False,2025-04-01
4235,148,1354.22,payment,False,2022-08-31
4236,448,2108.73,payment,False,2025-06-17
4237,16,1904.6,transfer,False,2024-06-03
4238,307,146.68,transfer,False,2025-04-24
4239,105,2496.05,payment,False,2024-02-29
4240,165,1881.25,payment,False,2022-08-10
4241,488,2159.89,payment,False,2025-09-30
4242,201,1628.34,payment,False,2025-05-10
4243,197,2140.86,payment,False,2023-11-04
4244,426,281.85,payment,False,2025-09-30
4245,185,870.0,payment,False,2025-09-30
4246,322,2191.18,payment,False,2025-01-10
4247,265,504.94,payment,False,2023-01-24
4248,363,196.53,payment,False,2024-06-04
4249,100,1970.51,payment,False,2023-12-24
4250,342,2088.88,transfer,False,2022-10-11
4251,320,407.47,payment,False,2025-09-30
4252,214,2136.01,deposit,False,2024-12-18
4253,278,1717.23,deposit,False,2025-09-30
4254,162,1300.69,transfer,False,2024-08-29
4255,439,2075.8,deposit,False,2022-07-15
4256,157,1048.7,withdrawal,False,2023-12-13
4257,422,485.79,deposit,False,2024-11-14
4258,251,712.85,payment,False,2024-03-24
4259,366,1263.4,payment,False,2025-09-30
4260,97,1328.8,transfer,False,2023-02-16
4261,18,2014.15,deposit,False,2025-09-30
4262,327,1978.59,transfer,False,2023-11-12
4263,449,1453.84,deposit,False,2022-06-14
4264,383,1952.18,deposit,False,2023-02-17
4265,97,480.24,withdrawal,False,2023-09-01
4266,1,126.11,deposit,False,2025-06-22
4267,216,2184.21,payment,False,2025-09-30
4268,132,189.81,transfer,False,2024-04-15
4269,260,617.47,deposit,False,2024-02-17
4270,125,1738.6,deposit,False,2025-09-30
4271,82,1024.21,withdrawal,False,2025-04-05
4272,283,2190.91,payment,False,2024-07-31
4273,171,745.65,payment,False,2023-12-25
4274,59,30.67,transfer,False,2024-04-26
4275,32,752.34,payment,True,2023-07-22
4276,161,1445.61,payment,False,2023-01-19
4277,284,940.47,payment,False,2023-12-24
4278,106,1337.65,deposit,False,2022-03-25
4279,105,2191.62,deposit,False,2022-12-14
4280,439,2281.3,deposit,False,2022-06-21
4281,228,665.67,withdrawal,False,2025-09-30
4282,188,1155.89,payment,False,2023-06-19
4283,70,1373.31,payment,False,2023-08-18
4284,318,2372.83,payment,False,2024-01-30
4285,464,2496.54,deposit,False,2023-07-13
4286,290,589.28,payment,False,2025-06-02
4287,87,1817.72,withdrawal,False,2025-09-30
4288,370,945.7,payment,False,2024-05-23
4289,362,21.26,payment,False,2024-11-16
4290,472,24.12,transfer,False,2022-11-10
4291,56,1151.95,payment,False,2023-03-03
4292,113,1221.35,deposit,False,2025-09-30
4293,13,57.4,payment,False,2025-09-30
4294,440,1717.63,payment,False,2025-02-14
4295,18,735.71,payment,False,2025-07-22
4296,182,1400.17,payment,False,2022-12-16
4297,461,753.0,deposit,False,2024-07-21
4298,113,418.67,payment,False,2025-09-30
4299,229,1018.53,payment,False,2024-04-07
4300,171,581.45,payment,False,2024-07-03
4301,295,1337.47,withdrawal,False,2023-04-11
4302,189,497.87,deposit,False,2025-09-30
4303,426,1271.51,payment,False,2025-09-30
4304,465,394.29,payment,False,2025-09-30
4305,79,1677.77,deposit,False,2024-09-17
4306,146,1885.09,withdrawal,False,2025-06-17
4307,407,276.88,payment,False,2023-09-03
4308,182,1170.04,withdrawal,False,2023-01-05
4309,499,178.11,withdrawal,False,2025-09-30
4310,286,1495.86,withdrawal,False,2025-09-30
4311,250,661.75,withdrawal,False,2024-02-20
4312,354,1319.53,transfer,False,2025-08-22
4313,314,1294.14,payment,False,2022-10-13
4314,196,2310.96,transfer,False,2024-04-25
4315,323,1373.16,payment,False,2025-09-30
4316,71,1457.91,withdrawal,False,2024-02-29
4317,248,1004.73,payment,False,2025-05-16
4318,146,2372.75,payment,False,2024-04-25
4319,106,1943.19,deposit,False,2023-11-27
4320,263,714.23,withdrawal,True,2023-07-08
4321,296,2110.68,payment,False,2025-09-30
4322,70,1081.56,payment,False,2024-07-08
4323,470,2071.84,payment,False,2025-09-30
4324,193,2057.4,transfer,False,2025-05-17
4325,68,472.99,deposit,False,2023-11-28
4326,494,1753.15,payment,False,2024-12-14
4327,305,727.32,deposit,False,2025-09-30
4328,52,744.43,transfer,False,2023-06-28
4329,370,741.57,payment,False,2022-12-10
4330,363,1814.2,withdrawal,False,2023-08-31
4331,285,575.34,payment,False,2023-11-24
4332,405,3.26,withdrawal,False,2025-04-29
4333,474,1788.38,payment,False,2025-02-17
4334,334,428.79,payment,False,2023-03-12
4335,9,262.1,payment,False,2025-09-30
4336,251,594.55,payment,False,2025-02-18
4337,431,950.37,deposit,False,2025-01-26
4338,332,1190.29,payment,False,2024-03-13
4339,298,112.38,payment,False,2025-08-30
4340,435,2426.46,deposit,False,2023-11-11
4341,184,1790.44,payment,False,2024-08-19
4342,179,808.66,payment,False,2024-05-31
4343,198,797.42,transfer,False,2025-09-30
4344,128,1121.91,deposit,False,2025-09-30
4345,20,1565.99,payment,False,2023-05-22
4346,472,366.79,payment,False,2023-04-16
4347,411,473.14,transfer,False,2025-09-30
4348,422,2148.73,payment,False,2025-09-30
4349,328,641.38,payment,False,2024-01-15
4350,65,951.11,payment,False,2025-06-15
4351,182,2178.31,payment,False,2022-12-27
4352,241,1658.21,withdrawal,False,2023-12-11
4353,369,854.94,deposit,False,2024-02-25
4354,24,1709.57,transfer,False,2025-04-14
4355,384,50.19,deposit,False,2024-11-13
4356,431,1839.37,payment,False,2024-11-16
4357,455,1218.05,payment,False,2024-01-01
4358,83,2033.14,transfer,False,2025-09-30
4359,470,2386.64,payment,False,2025-09-30
4360,319,2314.55,payment,False,2023-10-11
4361,185,2273.25,transfer,False,2025-09-30
4362,439,1280.91,payment,False,2023-05-16
4363,316,901.0,payment,False,2025-09-30
4364,99,1163.12,deposit,False,2025-05-26
4365,62,1725.05,transfer,False,2024-05-20
4366,286,2210.11,payment,False,2025-09-30
4367,477,518.26,deposit,False,2023-08-30
4368,22,2295.56,payment,False,2024-11-21
4369,459,2038.14,payment,False,2022-07-05
4370,212,2447.16,transfer,False,2023-11-28
4371,126,2200.75,transfer,False,2024-11-17
4372,413,700.56,payment,False,2025-09-30
4373,499,265.78,payment,False,2025-09-30
4374,425,281.49,payment,False,2025-09-30
4375,42,728.77,payment,False,2024-03-12
4376,98,1535.85,payment,False,2024-09-23
4377,449,2011.0,payment,False,2023-04-18
4378,31,2248.23,payment,False,2024-02-27
4379,158,1559.76,payment,False,2025-01-15
4380,112,15.07,payment,False,2024-06-13
4381,402,466.61,deposit,False,2025-09-30
4382,247,250.22,payment,False,2023-10-13
4383,122,908.95,payment,False,2024-02-04
4384,273,1253.88,deposit,False,2024-08-03
4385,294,109.45,withdrawal,False,2022-07-06
4386,398,871.85,payment,False,2024-02-09
4387,471,448.77,payment,False,2025-09-30
4388,473,1618.03,withdrawal,False,2024-03-23
4389,207,1161.22,payment,False,2024-10-09
4390,110,1238.8,deposit,False,2025-09-30
4391,440,1069.8,payment,False,2025-09-30
4392,278,2390.09,payment,False,2025-08-16
4393,451,537.62,payment,False,2025-01-07
4394,56,1292.14,withdrawal,False,2022-12-14
4395,375,1840.31,transfer,False,2023-09-14
4396,403,1392.55,payment,False,2025-09-30
4397,57,2322.62,payment,False,2023-08-29
4398,428,945.54,payment,False,2024-10-15
4399,482,1159.73,payment,True,2023-06-30
4400,291,222.22,deposit,False,2025-06-20
4401,114,1522.89,payment,False,2023-12-04
4402,381,721.24,transfer,False,2025-09-05
4403,385,401.61,withdrawal,False,2023-11-11
4404,308,1361.78,transfer,False,2025-09-30
4405,341,1331.24,deposit,False,2022-07-10
4406,477,190.6,payment,False,2023-11-26
4407,198,1745.84,payment,False,2025-09-30
4408,421,1559.81,payment,False,2024-10-13
4409,321,473.35,payment,False,2025-09-30
4410,179,1174.12,payment,False,2024-12-17
4411,385,1801.09,payment,True,2024-07-25
4412,219,1324.06,transfer,False,2025-01-15
4413,277,989.33,payment,False,2025-09-30
4414,437,806.52,deposit,False,2025-01-28
4415,16,1526.37,transfer,False,2025-06-25
4416,492,2347.83,deposit,False,2024-04-06
4417,379,1679.69,payment,False,2025-01-10
4418,61,187.79,payment,False,2022-08-22
4419,54,1152.25,payment,False,2025-03-15
4420,168,2227.17,payment,False,2023-02-05
4421,26,237.06,payment,False,2025-09-30
4422,336,2472.2,deposit,False,2024-07-22
4423,476,2372.72,payment,False,2025-09-30
4424,65,196.61,payment,False,2024-11-15
4425,100,2333.6,transfer,False,2022-11-22
4426,74,908.47,payment,False,2022-09-23
4427,192,2111.93,payment,False,2024-04-28
4428,171,1046.54,deposit,False,2023-07-14
4429,273,1102.7,payment,False,2025-06-09
4430,377,1585.97,withdrawal,False,2024-08-16
4431,187,1936.42,payment,False,2025-01-05
4432,23,85.44,deposit,False,2023-10-15
4433,391,1483.3,payment,False,2025-06-30
4434,428,467.65,payment,False,2023-02-09
4435,181,865.53,payment,False,2025-07-25
4436,327,870.57,payment,False,2024-11-22
4437,108,1173.18,payment,False,2025-03-25
4438,335,836.01,payment,False,2023-05-16
4439,162,269.3,payment,False,2025-09-30
4440,302,364.93,payment,False,2023-04-21
4441,493,84.56,payment,False,2022-09-21
4442,452,1176.15,payment,False,2025-01-30
4443,206,2386.16,withdrawal,False,2024-06-02
4444,78,290.07,payment,False,2023-08-20
4445,16,2365.71,payment,True,2024-06-10
4446,327,1833.67,deposit,False,2023-07-04
4447,96,1594.11,deposit,False,2024-07-06
4448,147,1613.55,payment,False,2023-12-14
4449,2,2066.99,payment,False,2022-08-14
4450,10,268.19,payment,False,2025-05-16
4451,434,1262.38,payment,False,2022-04-17
4452,125,1743.03,withdrawal,False,2025-08-29
4453,81,1467.46,payment,False,2025-09-30
4454,485,2082.11,withdrawal,False,2022-06-25
4455,140,181.61,payment,False,2023-06-21
4456,326,1727.06,payment,False,2025-09-30
4457,150,1335.54,deposit,False,2024-07-23
4458,288,948.52,payment,False,2023-12-14
4459,361,851.35,payment,False,2024-02-11
4460,340,1552.46,transfer,False,2022-11-17
4461,129,2227.6,deposit,False,2025-09-30
4462,438,1240.94,deposit,False,2024-07-21
4463,239,2061.98,payment,False,2024-03-15
4464,58,1005.99,payment,False,2025-09-30
4465,198,256.88,transfer,False,2025-09-30
4466,211,154.7,payment,False,2025-09-30
4467,402,129.28,deposit,False,2025-07-08
4468,390,951.0,payment,False,2025-09-30
4469,45,843.76,payment,False,2025-06-17
4470,97,1795.12,transfer,False,2023-03-23
4471,279,1857.31,payment,False,2025-09-30
4472,23,128.08,payment,False,2023-10-01
4473,410,553.59,payment,False,2025-05-13
4474,461,686.38,payment,False,2025-05-06
4475,391,1369.48,payment,False,2024-05-01
4476,335,362.14,payment,False,2023-06-13
4477,44,335.72,payment,False,2025-09-30
4478,27,2359.53,deposit,False,2023-11-30
4479,282,2010.7,payment,False,2024-10-25
4480,97,452.46,transfer,False,2023-04-15
4481,463,1017.01,payment,False,2023-07-26
4482,36,889.7,payment,False,2023-12-21
4483,109,1977.72,payment,False,2023-06-15
4484,55,1276.02,withdrawal,False,2025-09-30
4485,192,320.5,transfer,False,2024-09-19
4486,219,1847.74,deposit,False,2024-08-10
4487,185,992.82,payment,False,2025-09-30
4488,69,658.05,payment,False,2025-09-30
4489,317,939.37,deposit,False,2024-08-12
4490,130,1244.89,transfer,False,2024-11-16
4491,55,858.45,transfer,False,2025-08-17
4492,378,605.52,payment,False,2025-08-06
4493,97,996.86,transfer,False,2023-02-27
4494,336,48.91,payment,False,2025-07-22
4495,87,1931.47,payment,False,2025-08-20
4496,294,428.19,payment,False,2022-11-18
4497,119,110.72,payment,False,2025-09-30
4498,208,1634.59,deposit,False,2025-09-30
4499,334,1935.07,deposit,False,2024-01-06
4500,413,2034.76,deposit,False,2025-09-30
4501,154,1234.28,withdrawal,False,2023-11-13
4502,35,514.22,payment,False,2024-10-21
4503,79,1843.33,withdrawal,False,2024-09-19
4504,67,1749.58,payment,False,2024-08-07
4505,343,616.43,deposit,False,2023-07-27
4506,413,2258.62,withdrawal,False,2025-04-06
4507,34,261.82,withdrawal,False,2025-09-30
4508,97,2456.74,payment,False,2023-03-28
4509,169,2150.76,deposit,False,2025-06-23
4510,169,1720.06,payment,False,2025-08-17
4511,151,2346.94,payment,False,2023-03-24
4512,71,1806.06,deposit,False,2023-02-09
4513,3,476.95,payment,False,2025-09-12
4514,314,1105.95,deposit,False,2024-01-14
4515,32,179.69,payment,False,2023-10-12
4516,287,974.75,payment,False,2025-09-30
4517,82,1854.27,deposit,False,2025-09-30
4518,43,966.72,payment,False,2024-06-17
4519,391,826.41,payment,False,2024-07-28
4520,105,1488.79,payment,False,2024-06-07
4521,1,2180.64,payment,False,2025-09-30
4522,61,119.91,withdrawal,False,2023-02-05
4523,270,964.29,payment,False,2025-09-30
4524,180,396.44,deposit,False,2024-04-15
4525,224,1738.69,deposit,False,2025-09-30
4526,6,265.21,payment,False,2024-03-06
4527,103,1662.35,withdrawal,False,2025-09-30
4528,10,716.17,withdrawal,False,2025-03-25
4529,71,498.09,payment,False,2023-06-05
4530,90,2340.95,payment,False,2025-04-17
4531,226,47.29,payment,False,2023-08-17
4532,158,1095.01,withdrawal,False,2024-12-28
4533,228,55.05,withdrawal,False,2024-09-14
4534,405,1209.5,payment,False,2025-09-30
4535,126,1253.12,deposit,False,2025-08-20
4536,444,804.83,deposit,False,2025-08-07
4537,209,331.27,withdrawal,False,2023-07-18
4538,97,941.59,deposit,False,2023-04-03
4539,74,1680.99,payment,False,2023-06-22
4540,115,1956.21,deposit,False,2025-09-30
4541,191,1327.35,withdrawal,False,2023-09-03
4542,495,1475.0,deposit,False,2025-09-21
4543,170,502.34,payment,False,2024-06-12
4544,307,719.04,payment,False,2025-05-14
4545,448,405.58,payment,False,2025-09-30
4546,204,623.99,payment,False,2025-09-30
4547,56,562.99,withdrawal,False,2023-06-21
4548,208,1299.1,payment,False,2025-09-30
4549,41,1407.16,deposit,False,2025-09-30
4550,32,2362.42,withdrawal,False,2022-07-30
4551,15,489.73,withdrawal,False,2023-08-14
4552,62,1604.55,payment,False,2024-08-02
4553,155,2043.33,transfer,False,2025-02-05
4554,284,1401.04,deposit,False,2023-09-08
4555,209,638.25,deposit,False,2022-07-02
4556,320,657.11,payment,True,2024-11-05
4557,494,99.09,payment,False,2024-01-22
4558,187,764.31,payment,False,2023-07-25
4559,498,1861.76,payment,False,2024-10-11
4560,442,119.75,payment,False,2025-09-30
4561,130,549.02,payment,False,2024-12-05
4562,127,1765.88,withdrawal,False,2025-09-30
4563,292,1956.85,payment,False,2025-01-02
4564,114,1138.84,payment,False,2024-12-12
4565,199,1745.49,deposit,False,2025-05-20
4566,13,970.49,payment,False,2025-09-30
4567,271,400.62,deposit,False,2025-09-30
4568,89,995.98,payment,False,2024-10-20
4569,215,1450.34,payment,False,2024-02-07
4570,444,2370.19,payment,False,2025-09-30
4571,278,172.81,deposit,False,2025-09-30
4572,447,1268.98,payment,True,2024-08-05
4573,474,822.97,deposit,False,2025-09-26
4574,481,1271.27,payment,False,2025-09-30
4575,203,60.91,payment,False,2024-03-27
4576,74,783.25,withdrawal,False,2023-12-16
4577,25,2049.85,payment,False,2024-03-15
4578,101,1385.3,deposit,False,2025-09-30
4579,176,1127.01,payment,False,2023-12-17
4580,427,714.53,payment,False,2024-12-12
4581,117,745.81,deposit,False,2023-04-17
4582,166,958.37,transfer,False,2023-09-05
4583,41,2089.09,payment,False,2025-09-30
4584,429,2418.07,deposit,False,2024-06-23
4585,344,1097.2,payment,False,2024-12-09
4586,424,983.99,deposit,False,2025-09-30
4587,366,2116.53,withdrawal,False,2025-05-11
4588,120,1067.84,payment,False,2024-04-06
4589,97,1380.49,payment,False,2023-05-24
4590,145,578.12,payment,False,2025-01-28
4591,216,1859.01,payment,False,2025-09-30
4592,229,1330.44,payment,False,2024-05-19
4593,313,2022.78,withdrawal,False,2025-01-16
4594,130,1952.05,transfer,False,2025-09-07
4595,352,538.3,payment,False,2023-07-14
4596,377,1789.37,payment,False,2025-07-19
4597,318,2000.34,payment,False,2024-04-02
4598,472,865.92,transfer,False,2022-10-10
4599,137,432.35,payment,False,2023-07-03
4600,324,7.58,payment,False,2025-09-05
4601,337,1127.81,payment,False,2024-02-14
4602,273,881.73,payment,False,2024-07-26
4603,117,1387.72,payment,False,2024-02-11
4604,306,470.91,payment,False,2024-04-07
4605,368,2149.3,payment,False,2025-09-30
4606,94,645.13,payment,False,2024-11-08
4607,168,566.85,payment,True,2023-02-16
4608,442,1202.3,payment,False,2025-09-30
4609,203,1247.63,payment,False,2022-11-26
4610,341,538.5,transfer,False,2023-06-15
4611,149,680.38,deposit,False,2023-12-17
4612,402,425.09,payment,False,2025-05-05
4613,183,1796.43,payment,False,2025-09-30
4614,413,1925.45,withdrawal,False,2025-09-30
4615,152,1156.36,payment,False,2022-11-07
4616,74,1785.5,payment,False,2023-05-30
4617,365,1840.1,payment,False,2024-01-14
4618,401,346.55,transfer,False,2023-08-12
4619,274,2415.48,deposit,False,2023-08-12
4620,42,2052.76,payment,False,2024-05-05
4621,496,512.0,payment,False,2025-09-30
4622,212,466.23,transfer,False,2023-09-23
4623,101,315.03,transfer,False,2025-09-30
4624,45,346.81,transfer,False,2025-09-09
4625,82,1870.66,payment,False,2025-09-30
4626,17,1174.67,payment,False,2024-07-08
4627,73,1957.55,withdrawal,False,2024-02-20
4628,14,1865.89,payment,False,2025-09-30
4629,433,1511.93,payment,False,2025-09-30
4630,157,1716.23,payment,False,2025-03-04
4631,223,46.87,deposit,False,2023-05-02
4632,132,780.13,deposit,False,2025-04-22
4633,338,1594.92,payment,False,2024-04-26
4634,404,24.35,deposit,False,2024-08-07
4635,376,83.41,payment,False,2023-07-09
4636,376,2129.87,deposit,False,2023-11-23
4637,47,1710.38,payment,False,2023-04-25
4638,107,664.16,payment,False,2023-11-22
4639,108,1720.22,payment,False,2025-09-30
4640,265,1981.35,payment,False,2023-11-22
4641,205,767.68,payment,False,2024-04-02
4642,79,91.06,payment,False,2025-04-23
4643,155,2332.02,transfer,False,2025-07-19
4644,271,863.6,payment,False,2025-04-17
4645,476,267.1,payment,False,2025-09-30
4646,485,1230.15,payment,False,2023-05-31
4647,247,1921.4,payment,False,2022-03-18
4648,19,554.9,payment,False,2024-08-16
4649,346,674.46,deposit,False,2024-10-14
4650,436,607.54,payment,False,2024-05-07
4651,26,2479.19,withdrawal,False,2025-01-28
4652,217,494.31,withdrawal,False,2025-09-30
4653,154,1439.23,payment,False,2024-08-19
4654,154,2313.24,payment,False,2023-09-12
4655,174,368.09,deposit,False,2024-07-27
4656,92,2427.16,payment,False,2023-11-12
4657,433,2368.75,payment,False,2025-09-30
4658,338,2211.55,transfer,False,2024-11-04
4659,480,537.18,payment,False,2025-09-30
4660,181,1585.5,payment,False,2025-09-30
4661,131,1902.47,transfer,False,2023-04-29
4662,450,2465.08,payment,False,2025-09-30
4663,481,451.88,payment,False,2025-09-30
4664,298,1915.3,deposit,False,2024-07-17
4665,275,847.66,deposit,False,2025-09-30
4666,273,439.89,payment,False,2024-09-24
4667,492,1054.02,payment,False,2024-05-20
4668,417,1984.8,deposit,False,2025-09-30
4669,76,1162.66,withdrawal,False,2025-09-30
4670,177,1344.27,payment,False,2025-09-30
4671,184,2487.9,payment,False,2025-09-30
4672,319,998.37,payment,False,2023-08-20
4673,131,1538.89,deposit,False,2025-03-21
4674,363,913.75,deposit,False,2023-01-18
4675,49,982.57,transfer,False,2023-05-15
4676,55,1739.41,deposit,False,2025-09-30
4677,154,2344.78,payment,True,2023-10-27
4678,355,1356.36,payment,False,2023-08-15
4679,200,1921.23,deposit,False,2025-02-20
4680,308,223.93,withdrawal,False,2025-05-05
4681,356,528.68,payment,False,2025-09-30
4682,373,1255.83,payment,False,2025-09-16
4683,118,51.01,transfer,False,2023-09-11
4684,263,632.88,payment,False,2024-11-01
4685,46,1293.99,payment,False,2025-09-30
4686,302,38.39,withdrawal,False,2023-04-01
4687,356,662.1,withdrawal,False,2025-09-30
4688,400,1285.56,payment,False,2023-09-20
4689,408,1433.3,deposit,False,2023-12-23
4690,189,2314.45,payment,False,2024-12-04
4691,310,1613.72,payment,False,2025-09-30
4692,318,1037.42,payment,False,2024-12-20
4693,129,2325.95,withdrawal,False,2025-09-30
4694,49,1962.42,transfer,False,2024-11-13
4695,25,500.82,deposit,False,2024-11-12
4696,266,327.98,transfer,False,2025-08-30
4697,118,1689.85,payment,False,2024-08-03
4698,464,1400.15,payment,False,2022-11-11
4699,144,1974.39,payment,False,2023-06-01
4700,442,1847.27,payment,False,2025-09-30
4701,200,1563.4,deposit,True,2023-07-27
4702,157,2465.97,withdrawal,False,2025-04-04
4703,487,1334.44,transfer,False,2024-01-14
4704,348,283.65,payment,False,2022-11-08
4705,134,2070.86,payment,False,2025-09-30
4706,400,630.38,payment,False,2022-09-10
4707,148,1943.48,payment,False,2023-07-05
4708,336,2392.81,payment,False,2024-10-25
4709,71,1742.29,payment,False,2023-08-11
4710,233,1490.48,payment,False,2024-08-23
4711,334,1151.51,payment,False,2022-11-30
4712,299,911.66,payment,False,2025-09-30
4713,154,883.16,payment,False,2024-08-01
4714,90,1591.3,payment,False,2025-09-30
4715,334,1878.43,payment,False,2023-05-28
4716,199,1696.61,payment,False,2024-10-08
4717,161,496.83,payment,False,2024-07-07
4718,26,1235.47,payment,False,2025-09-30
4719,121,1979.31,payment,False,2024-12-14
4720,301,1189.78,payment,False,2025-09-30
4721,212,1342.02,withdrawal,False,2023-10-12
4722,63,1928.07,withdrawal,False,2023-11-14
4723,451,1653.5,deposit,False,2023-11-30
4724,436,1023.95,payment,False,2024-05-09
4725,68,2238.64,payment,False,2024-07-04
4726,253,407.26,deposit,False,2025-05-30
4727,410,2488.8,payment,False,2025-09-30
4728,459,298.01,withdrawal,False,2023-03-05
4729,2,38.36,payment,False,2024-04-02
4730,398,2225.16,payment,False,2024-08-03
4731,108,613.14,deposit,False,2025-09-11
4732,286,1824.52,payment,False,2025-09-30
4733,49,2027.73,payment,False,2023-02-27
4734,140,2147.61,payment,False,2023-12-23
4735,218,2478.99,payment,False,2025-09-30
4736,44,735.81,payment,False,2025-09-30
4737,417,1775.9,payment,False,2025-09-30
4738,269,289.38,deposit,False,2024-07-06
4739,78,1017.62,deposit,False,2024-09-03
4740,216,2120.08,payment,False,2025-03-17
4741,382,919.78,transfer,False,2024-09-10
4742,98,1478.15,payment,True,2024-06-18
4743,236,1259.93,payment,False,2025-09-30
4744,282,1615.23,deposit,False,2024-08-26
4745,149,2432.26,withdrawal,False,2025-02-14
4746,412,140.28,withdrawal,False,2025-04-04
4747,304,1435.33,payment,False,2023-03-20
4748,484,2157.71,payment,False,2024-07-11
4749,424,1203.98,deposit,False,2025-09-30
4750,66,197.24,payment,True,2025-02-16
4751,234,1401.79,withdrawal,False,2025-08-31
4752,457,830.85,payment,False,2025-09-30
4753,87,388.2,deposit,False,2025-09-30
4754,79,2122.74,payment,False,2025-09-30
4755,205,1304.48,payment,False,2024-08-04
4756,279,2333.26,payment,False,2025-09-30
4757,337,2015.24,withdrawal,False,2023-08-05
4758,254,1732.74,withdrawal,False,2023-01-13
4759,304,13.56,payment,False,2022-12-01
4760,380,1070.13,withdrawal,False,2025-02-28
4761,130,494.52,payment,False,2025-09-30
4762,84,2277.08,payment,False,2025-09-30
4763,276,437.29,payment,False,2023-06-08
4764,187,715.86,payment,False,2024-01-25
4765,46,1292.58,payment,False,2025-09-30
4766,387,659.15,payment,False,2022-10-13
4767,183,525.45,withdrawal,False,2025-09-30
4768,268,1498.15,deposit,False,2023-05-31
4769,296,223.23,withdrawal,False,2025-03-15
4770,322,146.36,payment,False,2025-04-04
4771,100,931.24,transfer,False,2023-09-25
4772,78,1801.94,withdrawal,False,2023-06-18
4773,272,1387.46,payment,False,2025-09-30
4774,339,1057.77,deposit,False,2023-10-29
4775,162,1414.81,payment,False,2025-01-21
4776,44,914.26,payment,False,2025-09-02
4777,238,2340.43,payment,False,2024-06-01
4778,134,138.21,payment,False,2025-05-18
4779,461,1683.81,deposit,False,2024-12-06
4780,192,2228.32,payment,False,2023-11-16
4781,356,2009.91,payment,False,2025-01-17
4782,278,460.92,transfer,False,2025-09-30
4783,18,740.52,transfer,False,2025-03-21
4784,12,1792.9,withdrawal,False,2023-03-24
4785,180,211.59,payment,True,2025-05-05
4786,123,2029.84,payment,False,2025-09-30
4787,246,1797.55,deposit,False,2024-12-26
4788,222,1824.29,payment,False,2025-04-25
4789,373,251.5,payment,False,2025-09-30
4790,51,1794.68,payment,False,2025-09-30
4791,488,1699.87,payment,False,2025-09-30
4792,71,2077.48,payment,False,2023-04-14
4793,480,104.95,payment,False,2025-09-30
4794,48,58.75,payment,False,2025-03-09
4795,19,933.14,payment,False,2025-09-30
4796,262,372.82,payment,False,2023-11-23
4797,84,1396.4,payment,False,2024-03-05
4798,155,2293.45,withdrawal,False,2025-09-30
4799,53,979.31,deposit,False,2025-09-11
4800,107,2112.53,payment,False,2023-06-15
4801,357,1.6,payment,False,2025-09-30
4802,304,422.12,payment,False,2023-08-05
4803,135,77.03,payment,False,2025-01-16
4804,443,821.04,payment,False,2023-04-04
4805,69,2270.57,payment,False,2024-12-23
4806,11,243.28,withdrawal,False,2025-09-30
4807,143,1516.42,withdrawal,False,2024-02-27
4808,192,1129.29,payment,False,2022-12-26
4809,387,2346.23,payment,False,2023-09-22
4810,378,307.18,deposit,False,2025-09-30
4811,69,530.86,payment,False,2025-09-30
4812,23,74.83,withdrawal,False,2022-12-19
4813,181,1085.4,payment,False,2025-09-30
4814,293,695.3,withdrawal,False,2025-09-30
4815,9,2174.89,transfer,False,2025-09-30
4816,271,1512.75,transfer,False,2025-09-30
4817,387,1535.61,payment,False,2024-02-04
4818,93,1330.24,payment,False,2025-03-06
4819,454,230.53,payment,False,2025-09-23
4820,17,1113.1,transfer,False,2024-01-27
4821,154,2498.76,payment,False,2024-02-05
4822,405,2088.24,payment,False,2025-09-30
4823,328,2233.75,payment,False,2022-10-31
4824,149,2058.24,payment,False,2024-05-05
4825,377,258.5,payment,False,2024-08-01
4826,267,569.39,payment,False,2023-12-14
4827,422,8.8,payment,False,2024-10-26
4828,328,759.47,payment,False,2022-07-22
4829,106,272.41,transfer,False,2023-01-29
4830,472,1182.51,deposit,False,2022-10-13
4831,381,1693.14,deposit,False,2025-09-30
4832,35,2186.39,payment,False,2024-12-04
4833,119,1873.29,deposit,False,2025-07-29
4834,14,2346.53,payment,False,2025-09-30
4835,14,135.69,payment,False,2025-09-30
4836,266,31.44,payment,False,2025-09-30
4837,140,1653.68,payment,False,2023-08-18
4838,294,724.09,payment,False,2022-03-05
4839,364,634.5,transfer,False,2025-03-14
4840,119,827.89,payment,False,2025-09-30
4841,238,675.22,payment,False,2023-07-17
4842,34,1279.08,payment,False,2025-01-13
4843,169,1100.93,payment,False,2025-07-18
4844,10,1281.56,payment,False,2025-04-20
4845,122,1682.11,payment,False,2023-11-25
4846,401,968.44,deposit,False,2022-09-21
4847,145,629.02,payment,False,2024-07-27
4848,451,416.34,payment,False,2023-11-03
4849,446,874.34,withdrawal,False,2025-09-30
4850,223,1854.77,deposit,False,2024-03-01
4851,371,1892.01,deposit,False,2025-01-31
4852,257,1667.6,withdrawal,False,2024-07-16
4853,268,585.84,payment,False,2023-07-03
4854,359,1470.63,payment,False,2025-09-26
4855,4,1427.15,deposit,False,2025-03-26
4856,426,1211.18,deposit,False,2025-06-01
4857,397,1375.4,payment,False,2024-07-08
4858,354,1229.98,payment,False,2025-05-01
4859,106,1414.08,deposit,False,2023-10-30
4860,85,1789.05,payment,False,2024-09-28
4861,214,274.96,payment,False,2025-04-15
4862,121,1874.31,payment,False,2024-10-27
4863,132,340.58,withdrawal,False,2024-02-20
4864,338,167.5,transfer,False,2024-02-28
4865,197,2440.22,payment,False,2023-07-24
4866,19,2392.52,payment,False,2025-04-26
4867,130,152.03,payment,False,2024-10-06
4868,12,1108.69,payment,False,2024-04-06
4869,81,466.43,payment,False,2025-09-30
4870,330,1213.88,payment,False,2025-09-30
4871,354,2075.61,payment,False,2025-02-03
4872,262,2376.58,withdrawal,False,2024-03-16
4873,392,1586.0,withdrawal,False,2024-04-10
4874,125,885.41,payment,False,2025-09-30
4875,307,1508.71,payment,False,2025-09-30
4876,267,780.69,transfer,False,2023-06-21
4877,447,2274.65,payment,False,2025-09-30
4878,441,2176.13,deposit,False,2024-06-29
4879,383,1396.02,payment,False,2024-01-12
4880,140,812.67,deposit,False,2023-08-28
4881,329,734.18,deposit,False,2024-09-04
4882,2,84.51,withdrawal,False,2022-11-17
4883,8,2039.74,deposit,False,2024-01-18
4884,250,1126.51,transfer,False,2023-03-03
4885,139,813.51,payment,False,2023-08-04
4886,124,1178.3,payment,False,2025-09-30
4887,309,2047.03,payment,False,2025-01-03
4888,228,312.41,deposit,False,2024-09-10
4889,10,2144.28,withdrawal,False,2025-08-03
4890,469,2243.87,payment,False,2023-04-30
4891,212,2366.82,payment,False,2023-04-01
4892,112,994.32,withdrawal,False,2025-07-10
4893,8,543.63,payment,False,2023-07-30
4894,292,934.73,payment,False,2025-09-30
4895,477,832.95,withdrawal,False,2024-05-19
4896,362,441.21,payment,False,2024-03-03
4897,460,1518.56,payment,False,2023-12-30
4898,253,1192.08,payment,False,2024-09-20
4899,14,2164.39,payment,False,2025-06-01
4900,240,81.24,payment,False,2023-05-13
4901,438,1610.03,payment,False,2024-09-28
4902,242,1907.61,payment,False,2025-01-12
4903,469,1898.96,payment,False,2022-10-18
4904,342,2215.3,payment,False,2022-12-17
4905,149,1822.86,payment,False,2023-08-07
4906,236,2319.6,transfer,False,2025-09-30
4907,306,832.31,payment,False,2024-03-26
4908,478,1258.52,deposit,False,2024-12-11
4909,167,36.19,deposit,False,2024-11-19
4910,20,18.39,payment,False,2023-05-11
4911,216,601.08,withdrawal,False,2025-01-09
4912,343,252.92,payment,False,2023-02-28
4913,135,651.27,withdrawal,False,2025-09-30
4914,393,443.43,payment,False,2023-12-15
4915,129,72.27,deposit,False,2025-09-30
4916,410,2273.35,payment,False,2025-09-30
4917,422,21.55,deposit,False,2025-09-30
4918,294,1840.47,payment,False,2023-07-11
4919,246,381.22,deposit,False,2024-06-06
4920,189,2280.66,payment,False,2025-09-30
4921,44,2232.1,withdrawal,False,2025-09-30
4922,86,1635.1,payment,False,2025-09-30
4923,44,1680.91,payment,False,2025-09-30
4924,330,14.34,withdrawal,False,2025-09-30
4925,375,2462.19,transfer,False,2023-12-22
4926,446,2194.7,payment,False,2025-09-30
4927,378,2237.87,transfer,False,2025-09-30
4928,390,1648.45,withdrawal,False,2025-09-30
4929,145,862.62,deposit,False,2025-09-30
4930,51,2234.23,payment,False,2025-09-30
4931,242,729.5,payment,False,2024-10-31
4932,294,1407.22,deposit,False,2023-08-03
4933,408,250.23,payment,False,2024-01-19
4934,51,2304.97,payment,False,2025-09-30
4935,266,352.79,payment,False,2025-09-30
4936,120,563.02,payment,False,2025-04-23
4937,200,1395.78,withdrawal,False,2024-12-11
4938,405,1910.47,withdrawal,False,2025-09-30
4939,248,1548.76,payment,False,2025-09-30
4940,70,581.1,payment,False,2023-12-22
4941,341,3.36,payment,False,2022-06-16
4942,57,1893.12,payment,False,2023-05-16
4943,382,2463.03,payment,False,2025-09-13
4944,39,2024.97,deposit,False,2024-08-16
4945,472,1151.06,deposit,False,2023-08-06
4946,289,2259.51,payment,False,2025-08-22
4947,443,1025.21,deposit,False,2023-09-07
4948,18,1312.81,payment,False,2025-05-17
4949,440,1193.35,withdrawal,False,2025-09-30
4950,220,1119.61,payment,False,2025-09-30
4951,313,1938.2,withdrawal,False,2025-09-30
4952,244,1317.4,payment,False,2025-09-30
4953,352,792.48,payment,False,2023-11-18
4954,460,646.14,payment,False,2025-09-05
4955,304,95.33,payment,False,2022-07-18
4956,298,1458.4,payment,False,2024-06-11
4957,283,575.67,payment,False,2023-10-20
4958,74,371.19,payment,False,2022-07-29
4959,110,1634.92,withdrawal,False,2025-03-03
4960,180,1703.34,payment,False,2025-09-30
4961,426,1880.64,withdrawal,False,2025-09-17
4962,32,1259.44,payment,False,2023-11-19
4963,234,2235.24,transfer,False,2025-04-30
4964,282,2340.92,transfer,False,2023-04-11
4965,25,2018.62,payment,False,2024-05-25
4966,331,1589.35,withdrawal,False,2023-01-21
4967,279,760.0,payment,False,2025-09-30
4968,226,2457.38,transfer,False,2023-10-09
4969,57,686.07,payment,False,2024-05-01
4970,180,507.44,payment,False,2024-10-06
4971,232,1105.94,payment,False,2024-05-13
4972,382,143.04,payment,False,2025-08-31
4973,343,2446.26,payment,False,2022-06-21
4974,477,1471.5,withdrawal,False,2023-09-16
4975,287,1392.82,payment,False,2025-08-13
4976,64,1639.83,payment,False,2025-01-07
4977,455,1243.06,payment,False,2022-11-14
4978,232,81.13,payment,False,2024-02-28
4979,289,1531.17,payment,False,2025-09-30
4980,213,1790.72,deposit,False,2025-09-30
4981,258,1042.46,payment,False,2024-08-17
4982,18,1893.48,payment,False,2024-05-16
4983,175,568.28,payment,False,2025-02-26
4984,417,553.97,payment,False,2025-09-30
4985,229,404.38,withdrawal,False,2023-07-22
4986,226,930.61,payment,False,2024-09-01
4987,84,2117.68,payment,False,2025-04-03
4988,291,2069.95,payment,False,2024-05-23
4989,435,957.68,payment,False,2024-01-01
4990,370,1473.21,payment,False,2023-04-21
4991,246,1802.32,payment,False,2025-04-04
4992,402,603.78,withdrawal,False,2025-09-30
4993,110,421.18,payment,False,2025-09-30
4994,254,2430.27,payment,False,2023-08-25
4995,88,1544.28,payment,False,2024-10-16
4996,72,2453.56,payment,False,2025-05-11
4997,381,845.05,payment,False,2025-09-30
4998,30,1757.88,deposit,False,2023-10-15
4999,172,557.29,deposit,False,2024-11-04
5000,309,653.74,payment,False,2024-08-02
